id,run,source_dir,generator_label,natoms,n_C24,n_C20,E0_eV,E0_per_atom_eV,gap_PBE_eV,label,identification,n_cages,n_closed,n_open,n_broken,n_distorted,B,B_C20_C20,B_C20_C24,B_C24_C24,dim_G,dim_Ghat,clashes,max_hull_depth_A,over_valent_atoms,endohedral,overlap,layer_group,layer_group_no,B_symmetry_orbits,connection_mode_topology,connection_mode_labelled,flags
REF-32,results_reference,results_reference/32,,64,1,2,-523.50727,-8.179801,0.3291,Non-2D / van der Waals-packed (rejected),fullerene-certified,3,3,0,0,0,4,0,4,0,0,0,0,0.0,0,,,p1,1,4,424,487,not a 2D covalent network (3 cage(s) in D<2 components)
REF-84,results_reference,results_reference/84,,104,1,4,-858.98477,-8.259469,0.0624,Unresolved input,unresolved,,,,,,,,,,2,,0,,0,,,,,,-1,-1,unresolved cage identity
REF-67,results_reference,results_reference/67,,84,1,3,-692.55013,-8.244644,0.2418,Partially opened,size-certified,4,3,1,0,0,9,4,5,0,2,2,0,0.0,0,,,p1,1,9,445,520,
REF-18,results_reference,results_reference/18,,64,1,2,-524.18379,-8.190372,0.6146,Closed-cage network,fullerene-certified,3,3,0,0,0,8,0,8,0,2,2,0,0.0,0,,,p-42m,57,1,371,425,
REF-211,results_reference,results_reference/211,,168,2,6,-1386.5305,-8.253158,0.0193,Partially opened,size-certified,8,7,1,0,0,19,8,11,0,2,2,0,0.0,0,,,p1,1,19,388,445,
REF-167,results_reference,results_reference/167,,128,2,4,-1044.7949,-8.16246,0.0008,Non-2D / van der Waals-packed (rejected),size-certified,6,4,2,0,0,12,0,12,0,2,2,0,0.0,0,,,p-1,2,6,364,417,not a 2D covalent network (1 cage(s) in D<2 components)
REF-43,results_reference,results_reference/43,,64,1,2,-532.45586,-8.319623,0.1016,Closed-cage network,fullerene-certified,3,3,0,0,0,8,0,8,0,2,2,0,0.0,0,,,c211,10,4,371,425,
REF-266,results_reference,results_reference/266,,188,2,7,-1551.5065,-8.252694,-0.0037,Partially opened,size-certified,9,8,1,0,0,25,15,10,0,2,2,0,0.0,0,,,p1,1,25,410,471,
REF-135,results_reference,results_reference/135,,88,2,2,-725.13705,-8.240194,0.0706,Closed-cage network,fullerene-certified,4,4,0,0,0,12,0,12,0,2,2,0,0.0,0,,,p1,1,12,343,393,
REF-53,results_reference,results_reference/53,,84,1,3,-696.72017,-8.294288,0.0128,Partially opened,size-certified,4,3,1,0,0,16,6,10,0,2,2,0,0.0,0,,,p1,1,16,435,508,
REF-158,results_reference,results_reference/158,,108,2,3,-896.30561,-8.299126,0.0485,Closed-cage network,fullerene-certified,5,5,0,0,0,14,6,8,0,2,2,0,0.0,0,,,cm11,13,8,351,408,
REF-108,results_reference,results_reference/108,,68,2,1,-566.84259,-8.33592,0.117,Closed-cage network,fullerene-certified,3,3,0,0,0,10,0,6,4,2,2,0,0.0,0,,,p1,1,10,173,363,
REF-161,results_reference,results_reference/161,,128,2,4,-1060.8569,-8.287945,0.4159,Closed-cage network,fullerene-certified,6,6,0,0,0,12,4,8,0,2,2,0,0.0,0,,,p1,1,12,358,411,
REF-22,results_reference,results_reference/22,,64,1,2,-529.75752,-8.277461,0.1001,Closed-cage network,fullerene-certified,3,3,0,0,0,10,3,7,0,2,2,0,0.0,0,,,p1,1,10,150,451,
REF-134,results_reference,results_reference/134,,88,2,2,-729.67113,-8.291717,0.1039,Closed-cage network,fullerene-certified,4,4,0,0,0,14,0,14,0,2,2,0,0.0,0,,,p112,3,7,344,392,
REF-127,results_reference,results_reference/127,,88,2,2,-727.4836,-8.266859,0.0944,Closed-cage network,fullerene-certified,4,4,0,0,0,14,0,14,0,2,2,0,0.0,0,,,p1,1,14,338,384,
REF-245,results_reference,results_reference/245,,168,2,6,-1386.7769,-8.254624,0.012,Closed-cage network,fullerene-certified,8,8,0,0,0,26,12,14,0,2,2,0,0.0,0,,,p1,1,26,402,461,
REF-113,results_reference,results_reference/113,,68,2,1,-563.93785,-8.293204,0.1009,Partially opened,size-certified,3,2,1,0,0,12,0,4,8,2,2,0,0.0,0,,,p1,1,12,330,369,
REF-75,results_reference,results_reference/75,,84,1,3,-689.79311,-8.211823,0.1153,Closed-cage network,fullerene-certified,4,4,0,0,0,11,4,7,0,2,2,0,0.0,0,,,p1,1,11,451,528,
REF-56,results_reference,results_reference/56,,84,1,3,-690.53142,-8.220612,0.3002,Partially opened,size-certified,4,3,1,0,0,13,6,7,0,2,2,0,0.0,0,,,p1,1,13,438,511,
REF-19,results_reference,results_reference/19,,64,1,2,-532.9979,-8.328092,0.167,Closed-cage network,fullerene-certified,3,3,0,0,0,12,3,9,0,2,2,0,0.0,0,,,p1,1,12,154,433,
REF-143,results_reference,results_reference/143,,108,2,3,-886.34338,-8.206883,0.0568,Closed-cage network,fullerene-certified,5,5,0,0,0,18,0,18,0,2,2,0,0.0,0,,,p112,3,9,37,37,
REF-162,results_reference,results_reference/162,,128,2,4,-1051.4859,-8.214734,0.0318,Non-2D / van der Waals-packed (rejected),fullerene-certified,6,6,0,0,0,19,10,9,0,2,2,0,0.0,0,,,p1,1,19,359,412,not a 2D covalent network (1 cage(s) in D<2 components)
REF-156,results_reference,results_reference/156,,108,2,3,-893.4122,-8.272335,0.0679,Partially opened,size-certified,5,4,1,0,0,12,3,9,0,2,2,0,0.0,0,,,p1,1,12,355,406,
REF-250,results_reference,results_reference/250,,168,2,6,-1397.8071,-8.32028,0.0022,Closed-cage network,fullerene-certified,8,8,0,0,0,24,6,18,0,2,2,0,0.0,0,,,p6,73,4,405,465,
REF-160,results_reference,results_reference/160,,108,2,3,-887.04141,-8.213346,0.0447,Partially opened,size-certified,5,3,2,0,0,18,0,18,0,2,2,0,0.0,0,,,p112,3,9,357,410,
REF-42,results_reference,results_reference/42,,64,1,2,-527.58349,-8.243492,0.1374,Closed-cage network,fullerene-certified,3,3,0,0,0,6,0,6,0,2,2,0,0.0,0,,,cm11,13,3,428,497,
REF-77,results_reference,results_reference/77,,84,1,3,-698.29565,-8.313043,0.0582,Closed-cage network,fullerene-certified,4,4,0,0,0,12,6,6,0,2,2,0,0.0,0,,,c211,10,7,92,92,
REF-117,results_reference,results_reference/117,,68,2,1,-566.13634,-8.325534,0.2867,Closed-cage network,fullerene-certified,3,3,0,0,0,12,0,8,4,2,2,0,0.0,0,,,p1,1,12,171,373,
REF-187,results_reference,results_reference/187,,128,2,4,-1059.4148,-8.276678,0.5754,Closed-cage network,fullerene-certified,6,6,0,0,0,20,0,20,0,2,2,0,0.0,0,,,pb11,12,10,376,431,
REF-36,results_reference,results_reference/36,,64,1,2,-530.82892,-8.294202,0.264,Closed-cage network,fullerene-certified,3,3,0,0,0,7,0,7,0,2,2,0,0.0,0,,,p1,1,7,426,490,
REF-183,results_reference,results_reference/183,,128,2,4,-1052.1366,-8.219817,0.0002,Non-2D / van der Waals-packed (rejected),fullerene-certified,6,6,0,0,0,8,0,8,0,2,2,0,0.0,0,,,p1,1,8,374,428,not a 2D covalent network (1 cage(s) in D<2 components)
REF-199,results_reference,results_reference/199,,128,2,4,-1055.1273,-8.243182,0.0007,Non-2D / van der Waals-packed (rejected),size-certified,6,3,3,0,0,12,0,12,0,2,2,0,0.0,0,,,p-1,2,6,364,417,not a 2D covalent network (1 cage(s) in D<2 components)
REF-217,results_reference,results_reference/217,,168,2,6,-1379.6654,-8.212294,-0.0036,Non-2D / van der Waals-packed (rejected),fullerene-certified,8,8,0,0,0,34,30,4,0,0,0,0,0.0,0,,,p112/m,6,10,391,448,not a 2D covalent network (8 cage(s) in D<2 components)
REF-197,results_reference,results_reference/197,,128,2,4,-1060.2079,-8.282874,0.0011,Non-2D / van der Waals-packed (rejected),size-certified,6,4,2,0,0,13,7,6,0,2,2,0,0.0,0,,,p1,1,13,382,438,not a 2D covalent network (1 cage(s) in D<2 components)
REF-37,results_reference,results_reference/37,,64,1,2,-536.12428,-8.376942,0.7799,Closed-cage network,fullerene-certified,3,3,0,0,0,12,4,8,0,2,2,0,0.0,0,,,p1,1,12,146,491,
REF-268,results_reference,results_reference/268,,188,2,7,-1571.4746,-8.358907,0.0044,Closed-cage network,fullerene-certified,9,9,0,0,0,30,17,13,0,2,2,0,0.0,0,,,p1,1,30,412,473,
REF-219,results_reference,results_reference/219,,168,2,6,-1393.0855,-8.292176,0.0164,Closed-cage network,fullerene-certified,8,8,0,0,0,22,10,12,0,2,2,0,0.0,0,,,p1,1,22,393,450,
REF-114,results_reference,results_reference/114,,68,2,1,-564.73102,-8.304868,-0.0041,Closed-cage network,fullerene-certified,3,3,0,0,0,9,0,5,4,2,2,0,0.0,0,,,p1,1,9,331,370,
REF-65,results_reference,results_reference/65,,84,1,3,-691.08064,-8.22715,0.0518,Unresolved input,unresolved,,,,,,,,,,2,,0,,0,,,,,,-1,-1,unresolved cage identity
REF-104,results_reference,results_reference/104,,68,2,1,-559.32382,-8.22535,0.079,Partially opened,size-certified,3,1,2,0,0,8,0,8,0,2,2,0,0.0,0,,,p112,3,4,326,360,
REF-243,results_reference,results_reference/243,,168,2,6,-1387.7824,-8.26061,0.0113,Closed-cage network,fullerene-certified,8,8,0,0,0,26,13,13,0,2,2,0,0.0,0,,,p1,1,26,400,459,
REF-78,results_reference,results_reference/78,,84,1,3,-703.45094,-8.374416,0.2162,Unresolved input,unresolved,,,,,,,,,,2,,0,,0,,,,,,-1,-1,unresolved cage identity
REF-34,results_reference,results_reference/34,,64,1,2,-529.42708,-8.272298,0.351,Closed-cage network,fullerene-certified,3,3,0,0,0,10,2,8,0,2,2,0,0.0,0,,,c222,22,3,143,456,
REF-179,results_reference,results_reference/179,,128,2,4,-1045.0202,-8.16422,0.8028,Closed-cage network,fullerene-certified,6,6,0,0,0,24,0,24,0,2,2,0,0.0,0,,,p4,49,6,370,424,
REF-24,results_reference,results_reference/24,,64,1,2,-526.25436,-8.222724,0.3904,Non-2D / van der Waals-packed (rejected),fullerene-certified,3,3,0,0,0,6,2,4,0,1,1,0,0.0,0,,,p11m,4,5,398,457,not a 2D covalent network (3 cage(s) in D<2 components)
REF-13,results_reference,results_reference/13,,44,1,1,-360.96022,-8.203641,0.2369,Non-2D / van der Waals-packed (rejected),size-certified,2,1,1,0,0,4,0,4,0,1,1,0,0.0,0,,,p11m,4,2,322,387,not a 2D covalent network (2 cage(s) in D<2 components)
REF-122,results_reference,results_reference/122,,68,2,1,-567.78479,-8.349776,0.4994,Closed-cage network,fullerene-certified,3,3,0,0,0,9,0,6,3,2,2,0,0.0,0,,,p1,1,9,317,379,
REF-123,results_reference,results_reference/123,,68,2,1,-569.92394,-8.381234,0.4993,Closed-cage network,fullerene-certified,3,3,0,0,0,12,0,8,4,2,2,0,0.0,0,,,p1,1,12,167,380,
REF-173,results_reference,results_reference/173,,128,2,4,-1043.9001,-8.15547,0.0006,Non-2D / van der Waals-packed (rejected),size-certified,6,5,1,0,0,14,0,14,0,2,2,0,0.0,0,,,p1,1,14,369,423,not a 2D covalent network (1 cage(s) in D<2 components)
REF-6,results_reference,results_reference/6,,44,1,1,-363.33322,-8.257573,0.6282,Closed-cage network,fullerene-certified,2,2,0,0,0,4,0,4,0,2,2,0,0.0,0,,,p1,1,4,322,355,
REF-188,results_reference,results_reference/188,,128,2,4,-1056.3307,-8.252584,0.0133,Partially opened,size-certified,6,5,1,0,0,15,4,11,0,2,2,0,0.0,0,,,p1,1,15,377,432,
REF-48,results_reference,results_reference/48,,64,1,2,-534.98692,-8.359171,1.1926,Closed-cage network,fullerene-certified,3,3,0,0,0,13,3,10,0,2,2,0,0.0,0,,,p112,3,8,430,502,
REF-26,results_reference,results_reference/26,,64,1,2,-528.09604,-8.251501,0.1373,Closed-cage network,fullerene-certified,3,3,0,0,0,11,3,8,0,2,2,0,0.0,0,,,cm11,13,6,153,470,
REF-171,results_reference,results_reference/171,,128,2,4,-1056.0791,-8.250618,0.0782,Partially opened,size-certified,6,4,2,0,0,24,4,20,0,2,2,0,0.0,0,,,pb11,12,12,367,421,
REF-102,results_reference,results_reference/102,,68,2,1,-568.43336,-8.359314,0.104,Closed-cage network,fullerene-certified,3,3,0,0,0,13,0,8,5,2,2,0,0.0,0,,,p1,1,13,325,358,
REF-49,results_reference,results_reference/49,,84,1,3,-697.21138,-8.300135,0.04,Closed-cage network,fullerene-certified,4,4,0,0,0,12,6,6,0,2,2,0,0.0,0,,,p1,1,12,431,503,
REF-155,results_reference,results_reference/155,,108,2,3,-894.19751,-8.279607,0.0051,Closed-cage network,fullerene-certified,5,5,0,0,0,16,6,10,0,2,2,0,0.0,0,,,cm11,13,9,354,405,
REF-47,results_reference,results_reference/47,,64,1,2,-529.6043,-8.275067,0.0056,Closed-cage network,fullerene-certified,3,3,0,0,0,7,2,5,0,2,2,0,0.0,0,,,p1,1,7,429,501,
REF-144,results_reference,results_reference/144,,108,2,3,-881.80768,-8.164886,0.0171,Partially opened,size-certified,5,3,2,0,0,16,0,16,0,2,2,0,0.0,0,,,p112,3,8,352,402,
REF-170,results_reference,results_reference/170,,128,2,4,-1055.2784,-8.244362,-0.0001,Closed-cage network,fullerene-certified,6,6,0,0,0,20,8,12,0,2,2,0,0.0,0,,,p4,49,5,366,420,
REF-20,results_reference,results_reference/20,,64,1,2,-529.39958,-8.271868,0.4878,Closed-cage network,fullerene-certified,3,3,0,0,0,7,1,6,0,2,2,0,0.0,0,,,p1,1,7,306,439,
REF-270,results_reference,results_reference/270,,188,2,7,-1571.003,-8.356399,0.031,Closed-cage network,fullerene-certified,9,9,0,0,0,32,19,13,0,2,2,0,0.0,0,,,p1,1,32,415,476,
REF-120,results_reference,results_reference/120,,68,2,1,-559.33887,-8.225572,0.2325,Partially opened,size-certified,3,1,2,0,0,12,0,12,0,2,2,0,0.0,0,,,p1,1,12,335,377,
REF-57,results_reference,results_reference/57,,84,1,3,-697.51431,-8.303742,0.1362,Unresolved input,unresolved,,,,,,,,,,2,,0,,0,,,,,,-1,-1,unresolved cage identity
REF-10,results_reference,results_reference/10,,44,1,1,-363.41451,-8.259421,0.3582,Closed-cage network,fullerene-certified,2,2,0,0,0,4,0,4,0,2,2,0,0.0,0,,,cm11,13,2,322,355,
REF-79,results_reference,results_reference/79,,84,1,3,-695.61172,-8.281092,0.0352,Closed-cage network,fullerene-certified,4,4,0,0,0,10,4,6,0,2,2,0,0.0,0,,,p1,1,10,452,529,
REF-71,results_reference,results_reference/71,,84,1,3,-691.12993,-8.227737,0.0389,Fully opened,size-certified,4,0,4,0,0,17,7,10,0,2,2,0,0.0,0,,,p1,1,17,95,524,
REF-141,results_reference,results_reference/141,,108,2,3,-893.72262,-8.275209,-0.0102,Non-2D / van der Waals-packed (rejected),fullerene-certified,5,5,0,0,0,13,6,7,0,2,2,0,0.0,0,,,cm11,13,8,350,400,not a 2D covalent network (1 cage(s) in D<2 components)
REF-186,results_reference,results_reference/186,,128,2,4,-1046.1148,-8.172772,0.5664,Closed-cage network,fullerene-certified,6,6,0,0,0,16,0,16,0,2,2,0,0.0,0,,,pmmn,46,2,360,413,
REF-3,results_reference,results_reference/3,,44,1,1,-362.61125,-8.241165,-0.0428,Partially opened,size-certified,2,1,1,0,0,7,0,7,0,2,2,0,0.0,0,,,cm11,13,4,130,484,
REF-201,results_reference,results_reference/201,,148,2,5,-1213.2712,-8.197778,0.0364,Partially opened,size-certified,7,6,1,0,0,15,3,12,0,2,2,0,0.0,0,,,p1,1,15,383,440,
REF-106,results_reference,results_reference/106,,68,2,1,-560.74597,-8.246264,0.1327,Partially opened,size-certified,3,1,2,0,0,13,0,8,5,2,2,0,0.0,0,,,p1,1,13,327,361,
REF-101,results_reference,results_reference/101,,68,2,1,-557.43325,-8.197548,0.395,Partially opened,size-certified,3,2,1,0,0,9,0,4,5,2,2,0,0.0,0,,,p1,1,9,324,357,
REF-189,results_reference,results_reference/189,,128,2,4,-1057.2063,-8.259424,0.1271,Unresolved input,unresolved,,,,,,,,,,2,,0,,0,,,,,,-1,-1,unresolved cage identity
REF-254,results_reference,results_reference/254,,188,2,7,-1562.445,-8.310878,-0.0069,Closed-cage network,fullerene-certified,9,9,0,0,0,30,20,10,0,2,2,0,0.0,0,,,p112,3,16,409,469,
REF-218,results_reference,results_reference/218,,168,2,6,-1374.8547,-8.183659,0.1611,Partially opened,size-certified,8,2,6,0,0,18,6,12,0,2,2,0,0.0,0,,,p6,73,3,392,449,
REF-121,results_reference,results_reference/121,,68,2,1,-556.69199,-8.186647,0.03,Partially opened,size-certified,3,2,0,0,1,9,0,9,0,2,2,0,0.0,0,,,p1,1,9,336,378,
REF-251,results_reference,results_reference/251,,188,2,7,-1569.4724,-8.348257,0.2115,Partially opened,size-certified,9,8,1,0,0,33,16,17,0,2,2,0,0.0,0,,,p1,1,33,406,466,
REF-182,results_reference,results_reference/182,,128,2,4,-1055.9281,-8.249438,0.0013,Non-2D / van der Waals-packed (rejected),size-certified,6,4,2,0,0,12,0,12,0,2,2,0,0.0,0,,,p1,1,12,364,417,not a 2D covalent network (1 cage(s) in D<2 components)
REF-51,results_reference,results_reference/51,,84,1,3,-694.93079,-8.272986,0.1015,Partially opened,size-certified,4,3,1,0,0,15,7,8,0,2,2,0,0.0,0,,,p1,1,15,433,506,
REF-72,results_reference,results_reference/72,,84,1,3,-703.21875,-8.371652,0.0363,Closed-cage network,fullerene-certified,4,4,0,0,0,15,6,9,0,2,2,0,0.0,0,,,p1,1,15,439,525,
REF-70,results_reference,results_reference/70,,84,1,3,-696.20969,-8.288211,0.3323,Closed-cage network,fullerene-certified,4,4,0,0,0,11,5,6,0,2,2,0,0.0,0,,,p1,1,11,448,523,
REF-107,results_reference,results_reference/107,,68,2,1,-566.22846,-8.326889,0.4675,Closed-cage network,fullerene-certified,3,3,0,0,0,14,0,8,6,2,2,0,0.0,0,,,c2/m11,18,4,328,362,
REF-203,results_reference,results_reference/203,,148,2,5,-1217.8546,-8.228747,0.0015,Non-2D / van der Waals-packed (rejected),fullerene-certified,7,7,0,0,0,16,8,8,0,2,2,0,0.0,0,,,p112,3,8,385,442,not a 2D covalent network (1 cage(s) in D<2 components)
REF-58,results_reference,results_reference/58,,84,1,3,-694.14773,-8.263663,-0.0421,Closed-cage network,fullerene-certified,4,4,0,0,0,15,6,9,0,2,2,0,0.0,0,,,p1,1,15,439,512,
REF-30,results_reference,results_reference/30,,64,1,2,-528.26283,-8.254107,0.3347,Closed-cage network,fullerene-certified,3,3,0,0,0,14,4,10,0,2,2,0,0.0,0,,,p1,1,14,138,485,
REF-91,results_reference,results_reference/91,,104,1,4,-856.89933,-8.239417,0.0602,Non-2D / van der Waals-packed (rejected),fullerene-certified,5,5,0,0,0,10,10,0,0,2,2,0,0.0,0,,,p1,1,10,456,534,not a 2D covalent network (1 cage(s) in D<2 components)
REF-138,results_reference,results_reference/138,,88,2,2,-730.08852,-8.29646,0.0162,Closed-cage network,fullerene-certified,4,4,0,0,0,10,0,10,0,2,2,0,0.0,0,,,p1,1,10,347,396,
REF-59,results_reference,results_reference/59,,84,1,3,-701.80353,-8.354804,0.3442,Closed-cage network,fullerene-certified,4,4,0,0,0,16,8,8,0,2,2,0,0.0,0,,,p1,1,16,440,513,
REF-80,results_reference,results_reference/80,,84,1,3,-696.56324,-8.29242,1.0328,Unresolved input,unresolved,,,,,,,,,,2,,0,,0,,,,,,-1,-1,unresolved cage identity
REF-109,results_reference,results_reference/109,,68,2,1,-561.69462,-8.260215,0.0061,Closed-cage network,fullerene-certified,3,3,0,0,0,14,0,8,6,2,2,0,0.0,0,,,p112/m,6,6,328,364,
REF-92,results_reference,results_reference/92,,104,1,4,-851.71233,-8.189542,0.1236,Unresolved input,unresolved,,,,,,,,,,2,,0,,0,,,,,,-1,-1,unresolved cage identity
REF-168,results_reference,results_reference/168,,128,2,4,-1052.2333,-8.220573,0.0021,Non-2D / van der Waals-packed (rejected),fullerene-certified,6,6,0,0,0,10,0,10,0,2,2,0,0.0,0,,,p1,1,10,365,418,not a 2D covalent network (1 cage(s) in D<2 components)
REF-110,results_reference,results_reference/110,,68,2,1,-563.68621,-8.289503,0.0347,Closed-cage network,fullerene-certified,3,3,0,0,0,12,0,6,6,2,2,0,0.0,0,,,cm11,13,7,329,366,
REF-132,results_reference,results_reference/132,,88,2,2,-733.06829,-8.330321,0.0809,Closed-cage network,fullerene-certified,4,4,0,0,0,14,0,14,0,2,2,0,0.0,0,,,pb11,12,7,273,390,
REF-14,results_reference,results_reference/14,,44,1,1,-366.1035,-8.320534,0.0382,Closed-cage network,fullerene-certified,2,2,0,0,0,7,0,7,0,2,2,0,0.0,0,,,p1,1,7,130,398,
REF-129,results_reference,results_reference/129,,88,2,2,-727.19135,-8.263538,-0.04,Closed-cage network,fullerene-certified,4,4,0,0,0,12,0,12,0,2,2,0,0.0,0,,,p1,1,12,340,386,
REF-196,results_reference,results_reference/196,,128,2,4,-1057.5706,-8.26227,0.8077,Closed-cage network,fullerene-certified,6,6,0,0,0,14,6,8,0,2,2,0,0.0,0,,,p1,1,14,381,437,
REF-164,results_reference,results_reference/164,,128,2,4,-1062.4834,-8.300652,0.0716,Closed-cage network,fullerene-certified,6,6,0,0,0,17,6,11,0,2,2,0,0.0,0,,,p1,1,17,361,414,
REF-41,results_reference,results_reference/41,,64,1,2,-525.83579,-8.216184,0.3193,Closed-cage network,fullerene-certified,3,3,0,0,0,11,4,7,0,2,2,0,0.0,0,,,p1,1,11,423,496,
REF-136,results_reference,results_reference/136,,88,2,2,-728.59423,-8.27948,0.0481,Closed-cage network,fullerene-certified,4,4,0,0,0,12,0,12,0,2,2,0,0.0,0,,,p112,3,6,345,394,
REF-145,results_reference,results_reference/145,,108,2,3,-891.80659,-8.257468,0.0221,Closed-cage network,fullerene-certified,5,5,0,0,0,14,3,11,0,2,2,0,0.0,0,,,p1,1,14,353,403,
REF-269,results_reference,results_reference/269,,188,2,7,-1567.5398,-8.337978,0.0492,Partially opened,size-certified,9,8,1,0,0,34,20,14,0,2,2,0,0.0,0,,,p1,1,34,413,474,
REF-11,results_reference,results_reference/11,,44,1,1,-365.40289,-8.304611,0.1797,Closed-cage network,fullerene-certified,2,2,0,0,0,7,0,7,0,2,2,0,0.0,0,,,p1,1,7,130,365,
REF-93,results_reference,results_reference/93,,104,1,4,-860.87171,-8.277613,0.1551,Closed-cage network,fullerene-certified,5,5,0,0,0,12,8,4,0,2,2,0,0.0,0,,,p1,1,12,457,535,
REF-204,results_reference,results_reference/204,,148,2,5,-1201.795,-8.120236,0.0012,Non-2D / van der Waals-packed (rejected),fullerene-certified,7,7,0,0,0,20,8,12,0,2,2,0,0.0,0,,,p1,1,20,384,441,not a 2D covalent network (1 cage(s) in D<2 components)
REF-76,results_reference,results_reference/76,,84,1,3,-695.09372,-8.274925,0.0549,Unresolved input,unresolved,,,,,,,,,,2,,0,,0,,,,,,-1,-1,unresolved cage identity
REF-97,results_reference,results_reference/97,,104,1,4,-862.19197,-8.290307,0.0385,Unresolved input,unresolved,,,,,,,,,,2,,0,,0,,,,,,-1,-1,unresolved cage identity
REF-31,results_reference,results_reference/31,,64,1,2,-532.55131,-8.321114,0.2295,Partially opened,size-certified,3,2,1,0,0,11,4,7,0,2,2,0,0.0,0,,,p1,1,11,423,486,
REF-133,results_reference,results_reference/133,,88,2,2,-726.17097,-8.251943,0.0276,Partially opened,size-certified,4,3,1,0,0,12,0,12,0,2,2,0,0.0,0,,,p1,1,12,343,391,
REF-23,results_reference,results_reference/23,,64,1,2,-524.79725,-8.199957,0.1024,Closed-cage network,fullerene-certified,3,3,0,0,0,10,2,8,0,2,2,0,0.0,0,,,cmm2,26,3,143,456,
REF-267,results_reference,results_reference/267,,188,2,7,-1566.8162,-8.334129,0.303,Closed-cage network,fullerene-certified,9,9,0,0,0,25,15,10,0,2,2,0,0.0,0,,,p1,1,25,411,472,
REF-192,results_reference,results_reference/192,,128,2,4,-1053.2903,-8.22883,0.0011,Non-2D / van der Waals-packed (rejected),fullerene-certified,6,6,0,0,0,8,0,8,0,2,2,0,0.0,0,,,p1,1,8,374,428,not a 2D covalent network (1 cage(s) in D<2 components)
REF-140,results_reference,results_reference/140,,108,2,3,-887.80227,-8.220391,-0.0108,Closed-cage network,fullerene-certified,5,5,0,0,0,19,10,9,0,2,2,0,0.0,0,,,p1,1,19,349,399,
REF-142,results_reference,results_reference/142,,108,2,3,-896.35864,-8.299617,0.0505,Closed-cage network,exact-cover,5,5,0,0,0,14,6,8,0,2,2,0,0.0,0,,,cm11,13,8,351,401,
REF-8,results_reference,results_reference/8,,44,1,1,-365.23611,-8.300821,0.8024,Closed-cage network,fullerene-certified,2,2,0,0,0,9,0,8,1,2,2,0,0.0,0,,,pm11,11,5,453,530,
REF-126,results_reference,results_reference/126,,88,2,2,-729.29355,-8.287427,0.1503,Closed-cage network,fullerene-certified,4,4,0,0,0,12,0,12,0,2,2,0,0.0,0,,,p1,1,12,337,383,
REF-185,results_reference,results_reference/185,,128,2,4,-1058.0727,-8.266193,0.0313,Closed-cage network,fullerene-certified,6,6,0,0,0,14,2,12,0,2,2,0,0.0,0,,,p1,1,14,375,430,
REF-1,results_reference,results_reference/1,,44,1,1,-363.93133,-8.271167,0.3123,Partially opened,size-certified,2,1,1,0,0,6,0,6,0,2,2,0,0.0,0,,,p1,1,6,129,354,
REF-28,results_reference,results_reference/28,,64,1,2,-529.51846,-8.273726,0.0282,Closed-cage network,fullerene-certified,3,3,0,0,0,8,2,6,0,2,2,0,0.0,0,,,cm11,13,5,422,483,
REF-202,results_reference,results_reference/202,,148,2,5,-1202.4916,-8.124943,0.1993,Non-2D / van der Waals-packed (rejected),fullerene-certified,7,7,0,0,0,20,8,12,0,2,2,0,0.0,0,,,p1,1,20,384,441,not a 2D covalent network (1 cage(s) in D<2 components)
REF-253,results_reference,results_reference/253,,188,2,7,-1569.1524,-8.346555,0.0006,Closed-cage network,fullerene-certified,9,9,0,0,0,30,17,13,0,2,2,0,0.0,0,,,p1,1,30,408,468,
REF-16,results_reference,results_reference/16,,44,1,1,-364.20449,-8.277375,0.8264,Closed-cage network,fullerene-certified,2,2,0,0,0,6,0,6,0,2,2,0,0.0,0,,,p1,1,6,129,409,
REF-225,results_reference,results_reference/225,,168,2,6,-1380.7256,-8.218605,0.6033,Partially opened,size-certified,8,6,2,0,0,18,6,12,0,2,2,0,0.0,0,,,p112,3,9,392,449,
REF-249,results_reference,results_reference/249,,168,2,6,-1380.9773,-8.220103,0.0598,Non-2D / van der Waals-packed (rejected),fullerene-certified,8,8,0,0,0,11,3,8,0,1,1,0,0.0,0,,,p112/m,6,6,404,463,not a 2D covalent network (8 cage(s) in D<2 components)
REF-61,results_reference,results_reference/61,,84,1,3,-693.45635,-8.255433,0.0357,Closed-cage network,fullerene-certified,4,4,0,0,0,14,4,10,0,2,2,0,0.0,0,,,p1,1,14,441,515,
REF-12,results_reference,results_reference/12,,44,1,1,-359.83465,-8.17806,0.8775,Closed-cage network,fullerene-certified,2,2,0,0,0,6,0,6,0,2,2,0,0.0,0,,,pm11,11,3,129,376,
REF-98,results_reference,results_reference/98,,68,2,1,-553.77471,-8.143746,0.1629,Partially opened,size-certified,3,2,1,0,0,14,0,14,0,2,2,0,0.0,0,,,p112,3,7,459,537,
REF-159,results_reference,results_reference/159,,108,2,3,-893.97831,-8.277577,0.0045,Unresolved input,unresolved,,,,,,,,,,2,,0,,0,,,,,,-1,-1,unresolved cage identity
REF-137,results_reference,results_reference/137,,88,2,2,-728.17307,-8.274694,0.0521,Closed-cage network,fullerene-certified,4,4,0,0,0,11,0,11,0,2,2,0,0.0,0,,,p1,1,11,346,395,
REF-180,results_reference,results_reference/180,,128,2,4,-1054.9592,-8.241869,0.0414,Closed-cage network,fullerene-certified,6,6,0,0,0,12,5,7,0,2,2,0,0.0,0,,,p1,1,12,372,426,
REF-176,results_reference,results_reference/176,,128,2,4,-1057.0433,-8.258151,0.0004,Non-2D / van der Waals-packed (rejected),fullerene-certified,6,6,0,0,0,12,0,12,0,2,2,0,0.0,0,,,p1,1,12,364,417,not a 2D covalent network (1 cage(s) in D<2 components)
REF-40,results_reference,results_reference/40,,64,1,2,-526.72902,-8.230141,0.0946,Closed-cage network,fullerene-certified,3,3,0,0,0,8,2,6,0,2,2,0,0.0,0,,,p1,1,8,422,495,
REF-184,results_reference,results_reference/184,,128,2,4,-1055.6892,-8.247572,0.0025,Non-2D / van der Waals-packed (rejected),fullerene-certified,6,6,0,0,0,10,0,10,0,2,2,0,0.0,0,,,p1,1,10,365,429,not a 2D covalent network (1 cage(s) in D<2 components)
REF-96,results_reference,results_reference/96,,104,1,4,-855.49705,-8.225933,0.4965,Unresolved input,unresolved,,,,,,,,,,2,,0,,0,,,,,,-1,-1,unresolved cage identity
REF-81,results_reference,results_reference/81,,104,1,4,-853.93427,-8.210906,0.0157,Partially opened,size-certified,5,4,1,0,0,20,12,8,0,2,2,0,0.0,0,,,p1,1,20,17,531,
REF-2,results_reference,results_reference/2,,44,1,1,-363.80672,-8.268335,-0.1449,Unresolved input,unresolved,,,,,,,,,,2,,0,,0,,,,,,-1,-1,unresolved cage identity
REF-190,results_reference,results_reference/190,,128,2,4,-1058.8847,-8.272537,0.0829,Closed-cage network,fullerene-certified,6,6,0,0,0,11,3,8,0,2,2,0,0.0,0,,,p1,1,11,378,434,
REF-172,results_reference,results_reference/172,,128,2,4,-1058.2112,-8.267275,0.0392,Closed-cage network,fullerene-certified,6,6,0,0,0,13,6,7,0,2,2,0,0.0,0,,,p1,1,13,368,422,
REF-9,results_reference,results_reference/9,,44,1,1,-365.18291,-8.299612,0.617,Closed-cage network,fullerene-certified,2,2,0,0,0,6,0,6,0,2,2,0,0.0,0,,,p1,1,6,129,504,
REF-247,results_reference,results_reference/247,,168,2,6,-1376.6194,-8.194163,0.0554,Non-2D / van der Waals-packed (rejected),fullerene-certified,8,8,0,0,0,30,30,0,0,0,0,0,0.0,0,,,c2/m11,18,10,403,462,not a 2D covalent network (8 cage(s) in D<2 components)
REF-275,results_reference,results_reference/275,,188,2,7,-1548.2366,-8.235301,0.0092,Partially opened,size-certified,9,8,1,0,0,22,12,10,0,2,2,0,0.0,0,,,p1,1,22,419,480,
REF-73,results_reference,results_reference/73,,84,1,3,-701.42603,-8.35031,0.0047,Closed-cage network,fullerene-certified,4,4,0,0,0,19,9,10,0,2,2,0,0.0,0,,,p1,1,19,449,526,
REF-95,results_reference,results_reference/95,,104,1,4,-854.72097,-8.218471,0.0335,Unresolved input,unresolved,,,,,,,,,,2,,0,,0,,,,,,-1,-1,unresolved cage identity
REF-63,results_reference,results_reference/63,,84,1,3,-700.54573,-8.33983,0.1553,Closed-cage network,fullerene-certified,4,4,0,0,0,16,6,10,0,2,2,0,0.0,0,,,p1,1,16,435,517,
REF-116,results_reference,results_reference/116,,68,2,1,-560.24525,-8.238901,0.4837,Closed-cage network,fullerene-certified,3,3,0,0,0,9,0,6,3,2,2,0,0.0,0,,,p1,1,9,317,372,
REF-27,results_reference,results_reference/27,,64,1,2,-529.62866,-8.275448,0.1262,Closed-cage network,fullerene-certified,3,3,0,0,0,11,4,7,0,2,2,0,0.0,0,,,p1,1,11,414,475,
REF-21,results_reference,results_reference/21,,64,1,2,-533.51858,-8.336228,0.1263,Closed-cage network,fullerene-certified,3,3,0,0,0,13,5,8,0,2,2,0,0.0,0,,,cm11,13,7,387,444,
REF-215,results_reference,results_reference/215,,168,2,6,-1398.3953,-8.323782,0.1005,Partially opened,size-certified,8,7,1,0,0,24,12,12,0,2,2,0,0.0,0,,,p1,1,24,390,447,
REF-44,results_reference,results_reference/44,,64,1,2,-529.44025,-8.272504,0.0958,Closed-cage network,fullerene-certified,3,3,0,0,0,12,3,9,0,2,2,0,0.0,0,,,p1,1,12,154,498,
REF-74,results_reference,results_reference/74,,84,1,3,-690.61246,-8.221577,0.0949,Partially opened,size-certified,4,2,2,0,0,12,6,6,0,2,2,0,0.0,0,,,p11m,4,8,450,527,
REF-181,results_reference,results_reference/181,,128,2,4,-1055.9673,-8.249745,0.0032,Non-2D / van der Waals-packed (rejected),fullerene-certified,6,6,0,0,0,12,6,6,0,2,2,0,0.0,0,,,p1,1,12,373,427,not a 2D covalent network (1 cage(s) in D<2 components)
REF-60,results_reference,results_reference/60,,84,1,3,-700.99218,-8.345145,0.5909,Closed-cage network,fullerene-certified,4,4,0,0,0,15,7,8,0,2,2,0,0.0,0,,,p1,1,15,93,514,
REF-45,results_reference,results_reference/45,,64,1,2,-529.01904,-8.265923,0.1445,Closed-cage network,fullerene-certified,3,3,0,0,0,11,4,7,0,2,2,0,0.0,0,,,cm11,13,6,414,499,
REF-103,results_reference,results_reference/103,,68,2,1,-569.38042,-8.373241,-0.0305,Closed-cage network,fullerene-certified,3,3,0,0,0,12,0,8,4,2,2,0,0.0,0,,,p-1,2,6,167,359,
REF-99,results_reference,results_reference/99,,68,2,1,-563.09465,-8.280804,-0.0131,Unresolved input,unresolved,,,,,,,,,,2,,0,,0,,,,,,-1,-1,unresolved cage identity
REF-82,results_reference,results_reference/82,,104,1,4,-858.02091,-8.250201,0.0196,Closed-cage network,fullerene-certified,5,5,0,0,0,15,9,6,0,2,2,0,0.0,0,,,p1,1,15,454,532,
REF-124,results_reference,results_reference/124,,68,2,1,-567.47089,-8.34516,0.0021,Closed-cage network,fullerene-certified,3,3,0,0,0,12,0,7,5,2,2,0,0.0,0,,,p1,1,12,162,381,
REF-38,results_reference,results_reference/38,,64,1,2,-529.99608,-8.281189,0.1382,Closed-cage network,exact-cover,3,3,0,0,0,11,2,9,0,2,2,0,0.0,0,,,cm11,13,6,427,492,
REF-46,results_reference,results_reference/46,,64,1,2,-530.69482,-8.292107,0.8668,Closed-cage network,fullerene-certified,3,3,0,0,0,12,4,8,0,2,2,0,0.0,0,,,cm11,13,6,146,500,
REF-62,results_reference,results_reference/62,,84,1,3,-694.52696,-8.268178,0.1418,Closed-cage network,fullerene-certified,4,4,0,0,0,11,6,5,0,2,2,0,0.0,0,,,p1,1,11,442,516,
REF-69,results_reference,results_reference/69,,84,1,3,-699.21424,-8.323979,0.1278,Closed-cage network,fullerene-certified,4,4,0,0,0,13,6,7,0,2,2,0,0.0,0,,,p1,1,13,447,522,
REF-226,results_reference,results_reference/226,,168,2,6,-1373.1038,-8.173237,0.354,Non-2D / van der Waals-packed (rejected),fullerene-certified,8,8,0,0,0,6,6,0,0,0,0,0,0.0,0,,,cmm2,26,2,397,455,not a 2D covalent network (8 cage(s) in D<2 components)
REF-5,results_reference,results_reference/5,,44,1,1,-365.29953,-8.302262,0.2167,Closed-cage network,fullerene-certified,2,2,0,0,0,6,0,6,0,2,2,0,0.0,0,,,p11m,4,4,129,504,
REF-242,results_reference,results_reference/242,,168,2,6,-1388.4511,-8.26459,0.0397,Closed-cage network,fullerene-certified,8,8,0,0,0,16,8,8,0,2,2,0,0.0,0,,,p112,3,8,399,458,
REF-33,results_reference,results_reference/33,,64,1,2,-530.72809,-8.292626,-0.0174,Closed-cage network,fullerene-certified,3,3,0,0,0,9,3,6,0,2,2,0,0.0,0,,,p1,1,9,425,488,
REF-163,results_reference,results_reference/163,,128,2,4,-1056.6392,-8.254994,0.5178,Partially opened,size-certified,6,4,2,0,0,16,0,16,0,2,2,0,0.0,0,,,pb11,12,8,360,413,
REF-128,results_reference,results_reference/128,,88,2,2,-727.72664,-8.269621,0.0945,Closed-cage network,fullerene-certified,4,4,0,0,0,10,0,10,0,2,2,0,0.0,0,,,pb11,12,5,339,385,
REF-15,results_reference,results_reference/15,,44,1,1,-362.82063,-8.245923,-0.0409,Closed-cage network,fullerene-certified,2,2,0,0,0,8,0,8,0,2,2,0,0.0,0,,,pm11,11,4,131,404,
REF-66,results_reference,results_reference/66,,84,1,3,-695.04051,-8.274292,0.0386,Partially opened,size-certified,4,3,1,0,0,12,6,6,0,2,2,0,0.0,0,,,p1,1,12,444,519,
REF-115,results_reference,results_reference/115,,68,2,1,-564.72851,-8.304831,0.3071,Partially opened,size-certified,3,2,1,0,0,11,0,6,5,2,2,0,0.0,0,,,p1,1,11,332,371,
REF-165,results_reference,results_reference/165,,128,2,4,-1055.6931,-8.247602,0.0036,Non-2D / van der Waals-packed (rejected),fullerene-certified,6,6,0,0,0,11,7,4,0,2,2,0,0.0,0,,,p1,1,11,362,415,not a 2D covalent network (1 cage(s) in D<2 components)
REF-169,results_reference,results_reference/169,,128,2,4,-1056.6156,-8.254809,0.0066,Unresolved input,unresolved,,,,,,,,,,2,,0,,0,,,,,,-1,-1,unresolved cage identity
REF-139,results_reference,results_reference/139,,88,2,2,-722.45428,-8.209708,0.0344,Closed-cage network,fullerene-certified,4,4,0,0,0,10,0,10,0,2,2,0,0.0,0,,,p112,3,5,348,397,
REF-221,results_reference,results_reference/221,,168,2,6,-1388.1127,-8.262576,0.0618,Partially opened,size-certified,8,7,1,0,0,24,12,12,0,2,2,0,0.0,0,,,p1,1,24,395,453,
REF-54,results_reference,results_reference/54,,84,1,3,-698.97286,-8.321105,0.4377,Closed-cage network,fullerene-certified,4,4,0,0,0,14,7,7,0,2,2,0,0.0,0,,,p1,1,14,436,509,
REF-194,results_reference,results_reference/194,,128,2,4,-1051.1808,-8.21235,0.0082,Non-2D / van der Waals-packed (rejected),size-certified,6,4,2,0,0,14,4,10,0,2,2,0,0.0,0,,,p112,3,7,380,436,not a 2D covalent network (1 cage(s) in D<2 components)
REF-83,results_reference,results_reference/83,,104,1,4,-852.47075,-8.196834,0.0012,Non-2D / van der Waals-packed (rejected),size-certified,5,2,3,0,0,12,6,6,0,2,2,0,0.0,0,,,cm11,13,7,455,533,not a 2D covalent network (1 cage(s) in D<2 components)
REF-244,results_reference,results_reference/244,,168,2,6,-1388.1004,-8.262502,0.0232,Closed-cage network,fullerene-certified,8,8,0,0,0,20,10,10,0,2,2,0,0.0,0,,,p1,1,20,401,460,
REF-208,results_reference,results_reference/208,,148,2,5,-1212.0811,-8.189737,0.0071,Non-2D / van der Waals-packed (rejected),fullerene-certified,7,7,0,0,0,24,4,20,0,2,2,0,0.0,0,,,p1,1,24,386,443,not a 2D covalent network (1 cage(s) in D<2 components)
REF-277,results_reference,results_reference/277,,208,2,8,-1715.5443,-8.247809,0.0023,Non-2D / van der Waals-packed (rejected),fullerene-certified,10,10,0,0,0,24,24,0,0,2,2,0,0.0,0,,,p1,1,24,420,481,not a 2D covalent network (2 cage(s) in D<2 components)
REF-55,results_reference,results_reference/55,,84,1,3,-699.25221,-8.324431,0.0038,Closed-cage network,fullerene-certified,4,4,0,0,0,15,6,9,0,2,2,0,0.0,0,,,p3,65,5,437,510,
REF-191,results_reference,results_reference/191,,128,2,4,-1054.1645,-8.23566,0.0009,Non-2D / van der Waals-packed (rejected),fullerene-certified,6,6,0,0,0,12,0,12,0,2,2,0,0.0,0,,,p-1,2,6,364,417,not a 2D covalent network (1 cage(s) in D<2 components)
REF-39,results_reference,results_reference/39,,64,1,2,-533.39374,-8.334277,0.0941,Closed-cage network,fullerene-certified,3,3,0,0,0,11,3,8,0,2,2,0,0.0,0,,,p1,1,11,308,493,
REF-193,results_reference,results_reference/193,,128,2,4,-1057.1218,-8.258764,0.0443,Closed-cage network,fullerene-certified,6,6,0,0,0,15,2,13,0,2,2,0,0.0,0,,,p1,1,15,379,435,
REF-112,results_reference,results_reference/112,,68,2,1,-564.16817,-8.296591,0.5198,Closed-cage network,fullerene-certified,3,3,0,0,0,11,0,6,5,2,2,0,0.0,0,,,p1,1,11,164,368,
REF-166,results_reference,results_reference/166,,128,2,4,-1055.9674,-8.249745,0.0007,Non-2D / van der Waals-packed (rejected),fullerene-certified,6,6,0,0,0,10,0,10,0,2,2,0,0.0,0,,,p1,1,10,363,416,not a 2D covalent network (1 cage(s) in D<2 components)
REF-64,results_reference,results_reference/64,,84,1,3,-697.18875,-8.299866,0.1934,Closed-cage network,fullerene-certified,4,4,0,0,0,15,8,7,0,2,2,0,0.0,0,,,p1,1,15,443,518,
REF-111,results_reference,results_reference/111,,68,2,1,-566.52313,-8.331223,0.0415,Closed-cage network,fullerene-certified,3,3,0,0,0,12,0,7,5,2,2,0,0.0,0,,,p1,1,12,162,367,
REF-220,results_reference,results_reference/220,,168,2,6,-1396.1177,-8.310224,0.0525,Closed-cage network,fullerene-certified,8,8,0,0,0,27,12,15,0,2,2,0,0.0,0,,,p1,1,27,394,452,
REF-7,results_reference,results_reference/7,,44,1,1,-365.52142,-8.307305,0.1699,Closed-cage network,fullerene-certified,2,2,0,0,0,7,0,7,0,2,2,0,0.0,0,,,p1,1,7,130,365,
REF-68,results_reference,results_reference/68,,84,1,3,-694.16729,-8.263896,0.0342,Closed-cage network,fullerene-certified,4,4,0,0,0,9,4,5,0,2,2,0,0.0,0,,,p1,1,9,446,521,
REF-125,results_reference,results_reference/125,,68,2,1,-565.68056,-8.318832,0.0511,Closed-cage network,fullerene-certified,3,3,0,0,0,10,0,6,4,2,2,0,0.0,0,,,cm11,13,6,173,382,
REF-17,results_reference,results_reference/17,,44,1,1,-365.53612,-8.307639,0.0199,Closed-cage network,fullerene-certified,2,2,0,0,0,5,0,5,0,2,2,0,0.0,0,,,p1,1,5,132,419,
REF-152,results_reference,results_reference/152,,108,2,3,-894.55917,-8.282955,0.487,Partially opened,size-certified,5,2,3,0,0,12,0,12,0,2,2,0,0.0,0,,,p6,73,2,24,24,
REF-118,results_reference,results_reference/118,,68,2,1,-565.20535,-8.311843,0.2417,Closed-cage network,fullerene-certified,3,3,0,0,0,8,0,2,6,2,2,0,0.0,0,,,cm11,13,5,333,374,
REF-252,results_reference,results_reference/252,,188,2,7,-1566.95,-8.33484,0.0438,Closed-cage network,fullerene-certified,9,9,0,0,0,33,20,13,0,2,2,0,0.0,0,,,p1,1,33,407,467,
REF-29,results_reference,results_reference/29,,64,1,2,-529.96352,-8.28068,0.5749,Partially opened,size-certified,3,1,2,0,0,8,0,8,0,2,2,0,0.0,0,,,p1,1,8,371,425,
REF-223,results_reference,results_reference/223,,168,2,6,-1401.503,-8.34228,0.0292,Closed-cage network,exact-cover,8,8,0,0,0,28,12,16,0,2,2,0,0.0,0,,,p1,1,28,396,454,
REF-52,results_reference,results_reference/52,,84,1,3,-692.0253,-8.238396,0.0132,Closed-cage network,fullerene-certified,4,4,0,0,0,14,5,9,0,2,2,0,0.0,0,,,p1,1,14,434,507,
REF-131,results_reference,results_reference/131,,88,2,2,-723.92935,-8.22647,0.261,Closed-cage network,fullerene-certified,4,4,0,0,0,14,0,14,0,2,2,0,0.0,0,,,p112,3,7,342,389,
REF-119,results_reference,results_reference/119,,68,2,1,-561.26764,-8.253936,0.0838,Non-2D / van der Waals-packed (rejected),fullerene-certified,3,3,0,0,0,8,0,4,4,1,1,0,0.0,0,,,p112/m,6,3,334,375,not a 2D covalent network (3 cage(s) in D<2 components)
REF-94,results_reference,results_reference/94,,104,1,4,-856.11895,-8.231913,0.0158,Non-2D / van der Waals-packed (rejected),fullerene-certified,5,5,0,0,0,14,14,0,0,2,2,0,0.0,0,,,p1,1,14,458,536,not a 2D covalent network (1 cage(s) in D<2 components)
REF-105,results_reference,results_reference/105,,68,2,1,-563.93805,-8.293207,0.0858,Unresolved input,unresolved,,,,,,,,,,2,,0,,0,,,,,,-1,-1,unresolved cage identity
REF-151,results_reference,results_reference/151,,108,2,3,-885.81606,-8.202001,0.1161,Closed-cage network,fullerene-certified,5,5,0,0,0,12,0,12,0,2,2,0,0.0,0,,,p112/m,6,3,24,24,
REF-35,results_reference,results_reference/35,,64,1,2,-528.36971,-8.255777,0.0176,Partially opened,size-certified,3,1,2,0,0,11,0,11,0,2,2,0,0.0,0,,,p1,1,11,137,489,
REF-100,results_reference,results_reference/100,,68,2,1,-556.82779,-8.188644,-0.0217,Non-2D / van der Waals-packed (rejected),fullerene-certified,3,3,0,0,0,2,0,2,0,0,0,0,0.0,0,,,p11m,4,2,323,356,not a 2D covalent network (3 cage(s) in D<2 components)
REF-272,results_reference,results_reference/272,,188,2,7,-1548.2342,-8.235288,0.0289,Closed-cage network,fullerene-certified,9,9,0,0,0,26,13,13,0,2,2,0,0.0,0,,,p1,1,26,417,478,
REF-278,results_reference,results_reference/278,,208,2,8,-1718.1389,-8.260283,0.0109,Non-2D / van der Waals-packed (rejected),fullerene-certified,10,10,0,0,0,18,18,0,0,2,2,0,0.0,0,,,pb11,12,9,421,482,not a 2D covalent network (2 cage(s) in D<2 components)
REF-212,results_reference,results_reference/212,,168,2,6,-1395.3648,-8.305743,0.0831,Closed-cage network,fullerene-certified,8,8,0,0,0,20,8,12,0,2,2,0,0.0,0,,,p1,1,20,389,446,
REF-271,results_reference,results_reference/271,,188,2,7,-1558.5662,-8.290246,0.0094,Partially opened,size-certified,9,7,2,0,0,31,17,14,0,2,2,0,0.0,0,,,p1,1,31,416,477,
REF-130,results_reference,results_reference/130,,88,2,2,-726.66494,-8.257556,0.179,Closed-cage network,fullerene-certified,4,4,0,0,0,11,0,11,0,2,2,0,0.0,0,,,p1,1,11,341,388,
REF-50,results_reference,results_reference/50,,84,1,3,-692.99337,-8.249921,0.1238,Closed-cage network,fullerene-certified,4,4,0,0,0,8,4,4,0,2,2,0,0.0,0,,,p112,3,4,432,505,
REF-157,results_reference,results_reference/157,,108,2,3,-887.47705,-8.21738,-0.0107,Non-2D / van der Waals-packed (rejected),size-certified,5,2,3,0,0,12,6,6,0,2,2,0,0.0,0,,,p3m1,69,3,356,407,not a 2D covalent network (1 cage(s) in D<2 components)
REF-85,results_reference,results_reference/85,,104,1,4,-855.25188,-8.223576,0.4599,Unresolved input,unresolved,,,,,,,,,,2,,0,,0,,,,,,-1,-1,unresolved cage identity
REF-273,results_reference,results_reference/273,,188,2,7,-1570.751,-8.355059,0.0823,Closed-cage network,fullerene-certified,9,9,0,0,0,33,18,15,0,2,2,0,0.0,0,,,p1,1,33,418,479,
REF-210,results_reference,results_reference/210,,148,2,5,-1211.7927,-8.187789,0.0049,Unresolved input,unresolved,,,,,,,,,,2,,0,,0,,,,,,-1,-1,unresolved cage identity
REF-25,results_reference,results_reference/25,,64,1,2,-534.59602,-8.353063,0.1356,Closed-cage network,fullerene-certified,3,3,0,0,0,10,3,7,0,2,2,0,0.0,0,,,p1,1,10,150,464,
REF-4,results_reference,results_reference/4,,44,1,1,-361.67979,-8.219995,0.2207,Closed-cage network,fullerene-certified,2,2,0,0,0,6,0,6,0,2,2,0,0.0,0,,,p1,1,6,129,494,
R1S-44_011,results_RUN1_small,results_RUN1_small/44/011,3_POSCAR_Spg13_C24(1)C20(1),44,1,1,-358.68778,-8.151995,0.4134,Partially opened,fullerene-certified,2,1,1,0,0,8,0,8,0,2,2,0,0.0,0,,,p1,1,8,131,137,
R1S-44_004,results_RUN1_small,results_RUN1_small/44/004,1_POSCAR_Spg14_C24(1)C20(1),44,1,1,-361.3195,-8.211807,0.5648,Closed-cage network,fullerene-certified,2,2,0,0,0,5,0,5,0,2,2,0,0.0,0,,,p1,1,5,132,132,
R1S-44_005,results_RUN1_small,results_RUN1_small/44/005,2_POSCAR_Spg10_C24(1)C20(1),44,1,1,-359.82605,-8.177865,0.7506,Closed-cage network,fullerene-certified,2,2,0,0,0,7,0,7,0,2,2,0,0.0,0,,,p1,1,7,130,133,
R1S-44_019,results_RUN1_small,results_RUN1_small/44/019,5_POSCAR_Spg13_C24(1)C20(1),44,1,1,-359.84636,-8.178326,0.4341,Closed-cage network,fullerene-certified,2,2,0,0,0,8,0,8,0,2,2,0,0.0,0,,,p1,1,8,131,143,
R1S-44_013,results_RUN1_small,results_RUN1_small/44/013,4_POSCAR_Spg10_C24(1)C20(1),44,1,1,-364.58325,-8.285983,1.171,Partially opened,fullerene-certified,2,1,1,0,0,10,0,10,0,2,2,0,0.0,0,,,p1,1,10,133,139,
R1S-44_012,results_RUN1_small,results_RUN1_small/44/012,3_POSCAR_Spg14_C24(1)C20(1),44,1,1,-362.47563,-8.238083,0.3015,Partially opened,fullerene-certified,2,1,1,0,0,8,0,8,0,2,2,0,0.0,0,,,p1,1,8,131,138,
R1S-44_015,results_RUN1_small,results_RUN1_small/44/015,4_POSCAR_Spg13_C24(1)C20(1),44,1,1,-362.39686,-8.236292,0.4319,Closed-cage network,fullerene-certified,2,2,0,0,0,11,0,11,0,2,2,0,0.0,0,,,p1,1,11,135,141,
R1S-44_002,results_RUN1_small,results_RUN1_small/44/002,1_POSCAR_Spg11_C24(1)C20(1),44,1,1,-366.19212,-8.322548,0.015,Closed-cage network,fullerene-certified,2,2,0,0,0,7,0,7,0,2,2,0,0.0,0,,,cm11,13,4,130,130,
R1S-44_009,results_RUN1_small,results_RUN1_small/44/009,3_POSCAR_Spg10_C24(1)C20(1),44,1,1,-361.05577,-8.205813,0.1033,Fully opened,fullerene-certified,2,0,2,0,0,10,0,10,0,2,2,0,0.0,0,,,p1,1,10,133,135,
R1S-44_001,results_RUN1_small,results_RUN1_small/44/001,1_POSCAR_Spg10_C24(1)C20(1),44,1,1,-357.84164,-8.132765,0.2847,Closed-cage network,fullerene-certified,2,2,0,0,0,6,0,6,0,2,2,0,0.0,0,,,p1,1,6,129,129,
R1S-44_010,results_RUN1_small,results_RUN1_small/44/010,3_POSCAR_Spg11_C24(1)C20(1),44,1,1,-362.50116,-8.238663,0.566,Partially opened,fullerene-certified,2,1,0,0,1,8,0,8,0,2,2,0,0.0,0,,,p1,1,8,131,136,
R1S-44_007,results_RUN1_small,results_RUN1_small/44/007,2_POSCAR_Spg13_C24(1)C20(1),44,1,1,-364.20438,-8.277372,0.3625,Partially opened,fullerene-certified,2,1,1,0,0,7,0,7,0,2,2,0,0.0,0,,,p1,1,7,130,134,
R1S-44_003,results_RUN1_small,results_RUN1_small/44/003,1_POSCAR_Spg13_C24(1)C20(1),44,1,1,-360.63788,-8.196315,0.3325,Closed-cage network,fullerene-certified,2,2,0,0,0,8,0,8,0,2,2,0,0.0,0,,,p1,1,8,131,131,
R1S-44_014,results_RUN1_small,results_RUN1_small/44/014,4_POSCAR_Spg11_C24(1)C20(1),44,1,1,-360.95023,-8.203414,0.0346,Partially opened,fullerene-certified,2,1,1,0,0,9,0,9,0,2,2,0,0.0,0,,,p1,1,9,134,140,
R1S-44_016,results_RUN1_small,results_RUN1_small/44/016,4_POSCAR_Spg14_C24(1)C20(1),44,1,1,-362.9141,-8.248048,0.3497,Closed-cage network,fullerene-certified,2,2,0,0,0,8,0,8,0,2,2,0,0.0,0,,,p1,1,8,131,142,
R1S-64_011,results_RUN1_small,results_RUN1_small/64/011,2_POSCAR_Spg14_C24(1)C20(2),64,1,2,-527.9461,-8.249158,0.0883,Partially opened,fullerene-certified,3,1,2,0,0,14,3,11,0,2,2,0,0.0,0,,,p1,1,14,145,153,
R1S-64_030,results_RUN1_small,results_RUN1_small/64/030,5_POSCAR_Spg11_C24(1)C20(2),64,1,2,-530.36106,-8.286892,0.624,Closed-cage network,fullerene-certified,3,3,0,0,0,11,5,6,0,2,2,0,0.0,0,,,p1,1,11,157,170,
R1S-64_004,results_RUN1_small,results_RUN1_small/64/004,1_POSCAR_Spg14_C24(1)C20(2),64,1,2,-527.78104,-8.246579,-0.11,Partially opened,fullerene-certified,3,2,1,0,0,14,4,10,0,2,2,0,0.0,0,,,p1,1,14,139,147,
R1S-64_017,results_RUN1_small,results_RUN1_small/64/017,3_POSCAR_Spg13_C24(1)C20(2),64,1,2,-525.08896,-8.204515,-0.0453,Closed-cage network,fullerene-certified,3,3,0,0,0,10,3,7,0,2,2,0,0.0,0,,,p1,1,10,150,159,
R1S-64_024,results_RUN1_small,results_RUN1_small/64/024,4_POSCAR_Spg13_C24(1)C20(2),64,1,2,-533.22643,-8.331663,0.2152,Closed-cage network,fullerene-certified,3,3,0,0,0,14,4,10,0,2,2,0,0.0,0,,,p1,1,14,139,164,
R1S-64_005,results_RUN1_small,results_RUN1_small/64/005,1_POSCAR_Spg15_C24(1)C20(2),64,1,2,-521.59653,-8.149946,0.1603,Partially opened,fullerene-certified,3,2,1,0,0,10,2,8,0,2,2,0,0.0,0,,,p1,1,10,140,148,
R1S-64_029,results_RUN1_small,results_RUN1_small/64/029,5_POSCAR_Spg10_C24(1)C20(2),64,1,2,-527.68666,-8.245104,0.3285,Partially opened,fullerene-certified,3,1,2,0,0,12,1,11,0,2,2,0,0.0,0,,,p1,1,12,156,169,
R1S-64_013,results_RUN1_small,results_RUN1_small/64/013,2_POSCAR_Spg16_C24(1)C20(2),64,1,2,-526.19609,-8.221814,0.5173,Partially opened,fullerene-certified,3,2,0,0,1,15,3,12,0,2,2,0,0.0,0,,,p1,1,15,147,155,
R1S-64_034,results_RUN1_small,results_RUN1_small/64/034,5_POSCAR_Spg16_C24(1)C20(2),64,1,2,-530.14776,-8.283559,0.6625,Closed-cage network,fullerene-certified,3,3,0,0,0,14,4,10,0,2,2,0,0.0,0,,,p1,1,14,138,172,
R1S-64_028,results_RUN1_small,results_RUN1_small/64/028,4_POSCAR_Spg17_C24(1)C20(2),64,1,2,-522.84931,-8.16952,0.2894,Partially opened,fullerene-certified,3,2,1,0,0,10,3,7,0,2,2,0,0.0,0,,,p1,1,10,152,168,
R1S-64_025,results_RUN1_small,results_RUN1_small/64/025,4_POSCAR_Spg14_C24(1)C20(2),64,1,2,-534.15201,-8.346125,0.0576,Closed-cage network,fullerene-certified,3,3,0,0,0,12,3,9,0,2,2,0,0.0,0,,,p1,1,12,154,165,
R1S-64_012,results_RUN1_small,results_RUN1_small/64/012,2_POSCAR_Spg15_C24(1)C20(2),64,1,2,-529.32746,-8.270742,0.1206,Closed-cage network,fullerene-certified,3,3,0,0,0,12,4,8,0,2,2,0,0.0,0,,,p1,1,12,146,154,
R1S-64_008,results_RUN1_small,results_RUN1_small/64/008,2_POSCAR_Spg10_C24(1)C20(2),64,1,2,-525.21251,-8.206445,0.1976,Partially opened,fullerene-certified,3,2,0,0,1,15,1,14,0,2,2,0,0.0,0,,,p1,1,15,142,150,
R1S-64_015,results_RUN1_small,results_RUN1_small/64/015,3_POSCAR_Spg10_C24(1)C20(2),64,1,2,-525.69108,-8.213923,0.8271,Closed-cage network,fullerene-certified,3,3,0,0,0,13,0,13,0,2,2,0,0.0,0,,,p1,1,13,149,157,
R1S-64_002,results_RUN1_small,results_RUN1_small/64/002,1_POSCAR_Spg11_C24(1)C20(2),64,1,2,-528.36259,-8.255665,0.7264,Closed-cage network,fullerene-certified,3,3,0,0,0,11,0,11,0,2,2,0,0.0,0,,,p1,1,11,137,145,
R1S-64_026,results_RUN1_small,results_RUN1_small/64/026,4_POSCAR_Spg15_C24(1)C20(2),64,1,2,-532.38072,-8.318449,0.0014,Closed-cage network,fullerene-certified,3,3,0,0,0,14,5,9,0,2,2,0,0.0,0,,,p1,1,14,155,166,
R1S-64_018,results_RUN1_small,results_RUN1_small/64/018,3_POSCAR_Spg14_C24(1)C20(2),64,1,2,-525.63881,-8.213106,0.0755,Closed-cage network,fullerene-certified,3,3,0,0,0,15,4,11,0,2,2,0,0.0,0,,,p1,1,15,151,160,
R1S-64_009,results_RUN1_small,results_RUN1_small/64/009,2_POSCAR_Spg11_C24(1)C20(2),64,1,2,-530.65334,-8.291458,0.6532,Closed-cage network,fullerene-certified,3,3,0,0,0,10,2,8,0,2,2,0,0.0,0,,,cm11,13,6,143,151,
R1S-64_001,results_RUN1_small,results_RUN1_small/64/001,1_POSCAR_Spg10_C24(1)C20(2),64,1,2,-522.53212,-8.164564,0.0204,Partially opened,fullerene-certified,3,2,1,0,0,10,0,10,0,2,2,0,0.0,0,,,p1,1,10,136,144,
R1S-64_010,results_RUN1_small,results_RUN1_small/64/010,2_POSCAR_Spg13_C24(1)C20(2),64,1,2,-527.79748,-8.246836,0.2186,Partially opened,fullerene-certified,3,2,1,0,0,12,3,9,0,2,2,0,0.0,0,,,p1,1,12,144,152,
R1S-64_003,results_RUN1_small,results_RUN1_small/64/003,1_POSCAR_Spg13_C24(1)C20(2),64,1,2,-525.89526,-8.217113,0.795,Closed-cage network,fullerene-certified,3,3,0,0,0,14,4,10,0,2,2,0,0.0,0,,,p1,1,14,138,146,
R1S-64_014,results_RUN1_small,results_RUN1_small/64/014,2_POSCAR_Spg17_C24(1)C20(2),64,1,2,-528.66017,-8.260315,0.1006,Closed-cage network,fullerene-certified,3,3,0,0,0,9,2,7,0,2,2,0,0.0,0,,,p1,1,9,148,156,
R1S-64_020,results_RUN1_small,results_RUN1_small/64/020,3_POSCAR_Spg16_C24(1)C20(2),64,1,2,-524.04914,-8.188268,-0.1058,Closed-cage network,fullerene-certified,3,3,0,0,0,10,3,7,0,2,2,0,0.0,0,,,p1,1,10,152,161,
R1S-64_027,results_RUN1_small,results_RUN1_small/64/027,4_POSCAR_Spg16_C24(1)C20(2),64,1,2,-524.58613,-8.196658,0.2498,Partially opened,fullerene-certified,3,2,1,0,0,12,3,9,0,2,2,0,0.0,0,,,p1,1,12,154,167,
R1S-64_016,results_RUN1_small,results_RUN1_small/64/016,3_POSCAR_Spg11_C24(1)C20(2),64,1,2,-524.92704,-8.201985,0.1738,Partially opened,fullerene-certified,3,1,2,0,0,14,4,10,0,2,2,0,0.0,0,,,p1,1,14,138,158,
R1S-64_021,results_RUN1_small,results_RUN1_small/64/021,3_POSCAR_Spg17_C24(1)C20(2),64,1,2,-530.1319,-8.283311,0.0639,Partially opened,fullerene-certified,3,2,1,0,0,11,3,8,0,2,2,0,0.0,0,,,p1,1,11,153,162,
R1S-64_032,results_RUN1_small,results_RUN1_small/64/032,5_POSCAR_Spg14_C24(1)C20(2),64,1,2,-526.91535,-8.233052,0.0392,Closed-cage network,fullerene-certified,3,3,0,0,0,12,3,9,0,2,2,0,0.0,0,,,p1,1,12,154,171,
R1S-64_022,results_RUN1_small,results_RUN1_small/64/022,4_POSCAR_Spg10_C24(1)C20(2),64,1,2,-529.80356,-8.278181,0.2942,Closed-cage network,fullerene-certified,3,3,0,0,0,11,0,11,0,2,2,0,0.0,0,,,p1,1,11,137,163,
R1S-64_006,results_RUN1_small,results_RUN1_small/64/006,1_POSCAR_Spg16_C24(1)C20(2),64,1,2,-522.13785,-8.158404,0.0207,Closed-cage network,fullerene-certified,3,3,0,0,0,13,3,10,0,2,2,0,0.0,0,,,p1,1,13,141,149,
R1S-68_011,results_RUN1_small,results_RUN1_small/68/011,2_POSCAR_Spg14_C24(2)C20(1),68,2,1,-561.84199,-8.262382,0.0681,Partially opened,fullerene-certified,3,2,1,0,0,14,0,7,7,2,2,0,0.0,0,,,p1,1,14,168,183,
R1S-68_030,results_RUN1_small,results_RUN1_small/68/030,5_POSCAR_Spg11_C24(2)C20(1),68,2,1,-564.65249,-8.303713,0.144,Closed-cage network,fullerene-certified,3,3,0,0,0,10,0,7,3,2,2,0,0.0,0,,,p1,1,10,181,198,
R1S-68_004,results_RUN1_small,results_RUN1_small/68/004,1_POSCAR_Spg14_C24(2)C20(1),68,2,1,-560.47369,-8.24226,0.4658,Partially opened,fullerene-certified,3,2,1,0,0,11,0,7,4,2,2,0,0.0,0,,,p1,1,11,161,176,
R1S-68_017,results_RUN1_small,results_RUN1_small/68/017,3_POSCAR_Spg13_C24(2)C20(1),68,2,1,-560.38967,-8.241025,0.0662,Closed-cage network,fullerene-certified,3,3,0,0,0,10,0,6,4,2,2,0,0.0,0,,,p1,1,10,173,189,
R1S-68_024,results_RUN1_small,results_RUN1_small/68/024,4_POSCAR_Spg13_C24(2)C20(1),68,2,1,-562.24017,-8.268238,1.4434,Partially opened,fullerene-certified,3,1,0,0,2,18,0,12,6,2,2,0,0.0,0,,,p112/m,6,6,179,195,
R1S-68_005,results_RUN1_small,results_RUN1_small/68/005,1_POSCAR_Spg15_C24(2)C20(1),68,2,1,-560.40506,-8.241251,0.3662,Partially opened,fullerene-certified,3,2,1,0,0,12,0,7,5,2,2,0,0.0,0,,,p1,1,12,162,177,
R1S-68_029,results_RUN1_small,results_RUN1_small/68/029,5_POSCAR_Spg10_C24(2)C20(1),68,2,1,-564.09741,-8.29555,0.2579,Closed-cage network,fullerene-certified,3,3,0,0,0,12,0,10,2,2,2,0,0.0,0,,,p1,1,12,180,197,
R1S-68_023,results_RUN1_small,results_RUN1_small/68/023,4_POSCAR_Spg11_C24(2)C20(1),68,2,1,-564.69616,-8.304355,0.4366,Partially opened,fullerene-certified,3,2,1,0,0,7,0,6,1,2,2,0,0.0,0,,,p1,1,7,178,194,
R1S-68_013,results_RUN1_small,results_RUN1_small/68/013,2_POSCAR_Spg16_C24(2)C20(1),68,2,1,-565.32282,-8.313571,0.64,Partially opened,fullerene-certified,3,2,1,0,0,12,0,8,4,2,2,0,0.0,0,,,c222,22,4,167,185,
R1S-68_012,results_RUN1_small,results_RUN1_small/68/012,2_POSCAR_Spg15_C24(2)C20(1),68,2,1,-566.72016,-8.33412,0.0537,Partially opened,fullerene-certified,3,2,1,0,0,12,0,6,6,2,2,0,0.0,0,,,p1,1,12,169,184,
R1S-68_008,results_RUN1_small,results_RUN1_small/68/008,2_POSCAR_Spg10_C24(2)C20(1),68,2,1,-559.91081,-8.233982,0.0583,Closed-cage network,fullerene-certified,3,3,0,0,0,14,0,10,4,2,2,0,0.0,0,,,p1,1,14,165,180,
R1S-68_015,results_RUN1_small,results_RUN1_small/68/015,3_POSCAR_Spg10_C24(2)C20(1),68,2,1,-565.20039,-8.31177,0.1715,Closed-cage network,fullerene-certified,3,3,0,0,0,12,0,8,4,2,2,0,0.0,0,,,p1,1,12,171,187,
R1S-68_002,results_RUN1_small,results_RUN1_small/68/002,1_POSCAR_Spg11_C24(2)C20(1),68,2,1,-561.81494,-8.261984,0.794,Closed-cage network,fullerene-certified,3,3,0,0,0,8,0,6,2,2,2,0,0.0,0,,,p1,1,8,159,174,
R1S-68_026,results_RUN1_small,results_RUN1_small/68/026,4_POSCAR_Spg15_C24(2)C20(1),68,2,1,-560.32288,-8.240042,-0.0366,Closed-cage network,fullerene-certified,3,3,0,0,0,13,0,6,7,2,2,0,0.0,0,,,p1,1,13,163,196,
R1S-68_018,results_RUN1_small,results_RUN1_small/68/018,3_POSCAR_Spg14_C24(2)C20(1),68,2,1,-563.1517,-8.281643,0.0355,Closed-cage network,fullerene-certified,3,3,0,0,0,18,0,14,4,2,2,0,0.0,0,,,c2/m11,18,5,174,190,
R1S-68_009,results_RUN1_small,results_RUN1_small/68/009,2_POSCAR_Spg11_C24(2)C20(1),68,2,1,-555.23783,-8.165262,0.3751,Partially opened,fullerene-certified,3,2,1,0,0,16,0,10,6,2,2,0,0.0,0,,,p1,1,16,166,181,
R1S-68_001,results_RUN1_small,results_RUN1_small/68/001,1_POSCAR_Spg10_C24(2)C20(1),68,2,1,-567.10252,-8.339743,0.024,Partially opened,fullerene-certified,3,1,2,0,0,10,0,8,2,2,2,0,0.0,0,,,p1,1,10,158,173,
R1S-68_010,results_RUN1_small,results_RUN1_small/68/010,2_POSCAR_Spg13_C24(2)C20(1),68,2,1,-564.10482,-8.295659,0.6761,Closed-cage network,fullerene-certified,3,3,0,0,0,12,0,8,4,2,2,0,0.0,0,,,p-1,2,6,167,182,
R1S-68_007,results_RUN1_small,results_RUN1_small/68/007,1_POSCAR_Spg17_C24(2)C20(1),68,2,1,-563.78327,-8.29093,0.2763,Partially opened,fullerene-certified,3,2,1,0,0,11,0,6,5,2,2,0,0.0,0,,,p1,1,11,164,179,
R1S-68_003,results_RUN1_small,results_RUN1_small/68/003,1_POSCAR_Spg13_C24(2)C20(1),68,2,1,-559.94212,-8.234443,0.5944,Closed-cage network,fullerene-certified,3,3,0,0,0,16,0,12,4,2,2,0,0.0,0,,,p-1,2,8,160,175,
R1S-68_014,results_RUN1_small,results_RUN1_small/68/014,2_POSCAR_Spg17_C24(2)C20(1),68,2,1,-564.53911,-8.302046,0.0159,Partially opened,fullerene-certified,3,2,1,0,0,15,0,11,4,2,2,0,0.0,0,,,p1,1,15,170,186,
R1S-68_020,results_RUN1_small,results_RUN1_small/68/020,3_POSCAR_Spg16_C24(2)C20(1),68,2,1,-570.1948,-8.385218,0.0392,Partially opened,fullerene-certified,3,1,2,0,0,16,0,10,6,2,2,0,0.0,0,,,p1,1,16,175,191,
R1S-68_016,results_RUN1_small,results_RUN1_small/68/016,3_POSCAR_Spg11_C24(2)C20(1),68,2,1,-557.82253,-8.203273,0.6749,Partially opened,fullerene-certified,3,2,1,0,0,14,0,10,4,2,2,0,0.0,0,,,p1,1,14,172,188,
R1S-68_021,results_RUN1_small,results_RUN1_small/68/021,3_POSCAR_Spg17_C24(2)C20(1),68,2,1,-562.70893,-8.275131,0.3898,Partially opened,fullerene-certified,3,2,1,0,0,13,0,8,5,2,2,0,0.0,0,,,p1,1,13,176,192,
R1S-68_032,results_RUN1_small,results_RUN1_small/68/032,5_POSCAR_Spg14_C24(2)C20(1),68,2,1,-570.4988,-8.389688,0.277,Closed-cage network,fullerene-certified,3,3,0,0,0,16,0,8,8,2,2,0,0.0,0,,,p-1,2,8,182,199,
R1S-68_022,results_RUN1_small,results_RUN1_small/68/022,4_POSCAR_Spg10_C24(2)C20(1),68,2,1,-560.2358,-8.238762,0.4333,Partially opened,fullerene-certified,3,2,1,0,0,14,0,12,2,2,2,0,0.0,0,,,p1,1,14,177,193,
R1S-68_035,results_RUN1_small,results_RUN1_small/68/035,5_POSCAR_Spg17_C24(2)C20(1),68,2,1,-558.49657,-8.213185,0.2735,Closed-cage network,fullerene-certified,3,3,0,0,0,12,0,7,5,2,2,0,0.0,0,,,p1,1,12,162,200,
R1S-68_006,results_RUN1_small,results_RUN1_small/68/006,1_POSCAR_Spg16_C24(2)C20(1),68,2,1,-565.52682,-8.316571,0.0929,Partially opened,fullerene-certified,3,1,2,0,0,13,0,6,7,2,2,0,0.0,0,,,p1,1,13,163,178,
R1B-84_031,results_RUN1_big,results_RUN1_big/84/031,5_POSCAR_Spg13_C24(1)C20(3),84,1,3,-692.76472,-8.247199,0.0321,Partially opened,fullerene-certified,4,2,2,0,0,19,9,10,0,2,2,0,0.0,0,,,p1,1,19,110,110,
R1B-84_011,results_RUN1_big,results_RUN1_big/84/011,2_POSCAR_Spg14_C24(1)C20(3),84,1,3,-698.82435,-8.319337,0.0002,Closed-cage network,fullerene-certified,4,4,0,0,0,12,6,6,0,2,2,0,0.0,0,,,p6mm,77,2,92,92,
R1B-84_033,results_RUN1_big,results_RUN1_big/84/033,5_POSCAR_Spg15_C24(1)C20(3),84,1,3,-700.59336,-8.340397,0.1361,Closed-cage network,fullerene-certified,4,4,0,0,0,16,7,9,0,2,2,0,0.0,0,,,p1,1,16,112,112,
R1B-84_030,results_RUN1_big,results_RUN1_big/84/030,5_POSCAR_Spg11_C24(1)C20(3),84,1,3,-690.52866,-8.220579,-0.0258,Partially opened,fullerene-certified,4,1,2,0,1,16,7,9,0,2,2,0,0.0,0,,,p1,1,16,109,109,
R1B-84_004,results_RUN1_big,results_RUN1_big/84/004,1_POSCAR_Spg14_C24(1)C20(3),84,1,3,-696.62372,-8.29314,0.383,Partially opened,fullerene-certified,4,3,1,0,0,14,6,8,0,2,2,0,0.0,0,,,p1,1,14,85,85,
R1B-84_017,results_RUN1_big,results_RUN1_big/84/017,3_POSCAR_Spg13_C24(1)C20(3),84,1,3,-691.59073,-8.233223,0.1432,Closed-cage network,fullerene-certified,4,4,0,0,0,14,6,8,0,2,2,0,0.0,0,,,p1,1,14,96,96,
R1B-84_024,results_RUN1_big,results_RUN1_big/84/024,4_POSCAR_Spg13_C24(1)C20(3),84,1,3,-693.93238,-8.2611,0.3501,Closed-cage network,fullerene-certified,4,4,0,0,0,17,7,10,0,2,2,0,0.0,0,,,p1,1,17,103,103,
R1B-84_005,results_RUN1_big,results_RUN1_big/84/005,1_POSCAR_Spg15_C24(1)C20(3),84,1,3,-699.34313,-8.325513,0.0911,Partially opened,fullerene-certified,4,3,1,0,0,17,6,11,0,2,2,0,0.0,0,,,p1,1,17,86,86,
R1B-84_029,results_RUN1_big,results_RUN1_big/84/029,5_POSCAR_Spg10_C24(1)C20(3),84,1,3,-688.52224,-8.196693,0.245,Closed-cage network,fullerene-certified,4,4,0,0,0,12,4,8,0,2,2,0,0.0,0,,,c211,10,6,108,108,
R1B-84_023,results_RUN1_big,results_RUN1_big/84/023,4_POSCAR_Spg11_C24(1)C20(3),84,1,3,-694.07309,-8.262775,0.0223,Closed-cage network,fullerene-certified,4,4,0,0,0,15,8,7,0,2,2,0,0.0,0,,,p1,1,15,102,102,
R1B-84_019,results_RUN1_big,results_RUN1_big/84/019,3_POSCAR_Spg15_C24(1)C20(3),84,1,3,-698.61033,-8.31679,0.1544,Closed-cage network,fullerene-certified,4,4,0,0,0,16,9,7,0,2,2,0,0.0,0,,,p1,1,16,98,98,
R1B-84_013,results_RUN1_big,results_RUN1_big/84/013,2_POSCAR_Spg16_C24(1)C20(3),84,1,3,-694.30109,-8.265489,0.0493,Partially opened,fullerene-certified,4,3,1,0,0,15,7,8,0,2,2,0,0.0,0,,,p1,1,15,93,93,
R1B-84_028,results_RUN1_big,results_RUN1_big/84/028,4_POSCAR_Spg17_C24(1)C20(3),84,1,3,-683.81121,-8.14061,0.272,Partially opened,fullerene-certified,4,3,1,0,0,15,6,9,0,2,2,0,0.0,0,,,p1,1,15,107,107,
R1B-84_025,results_RUN1_big,results_RUN1_big/84/025,4_POSCAR_Spg14_C24(1)C20(3),84,1,3,-698.61426,-8.316836,0.0639,Partially opened,fullerene-certified,4,2,2,0,0,19,8,11,0,2,2,0,0.0,0,,,p1,1,19,104,104,
R1B-84_008,results_RUN1_big,results_RUN1_big/84/008,2_POSCAR_Spg10_C24(1)C20(3),84,1,3,-689.449,-8.207726,0.1195,Partially opened,fullerene-certified,4,3,1,0,0,14,5,9,0,2,2,0,0.0,0,,,p1,1,14,89,89,
R1B-84_015,results_RUN1_big,results_RUN1_big/84/015,3_POSCAR_Spg10_C24(1)C20(3),84,1,3,-689.99064,-8.214174,0.3557,Partially opened,fullerene-certified,4,2,2,0,0,17,7,10,0,2,2,0,0.0,0,,,p1,1,17,94,94,
R1B-84_002,results_RUN1_big,results_RUN1_big/84/002,1_POSCAR_Spg11_C24(1)C20(3),84,1,3,-691.38577,-8.230783,0.1292,Closed-cage network,fullerene-certified,4,4,0,0,0,20,8,12,0,2,2,0,0.0,0,,,p1,1,20,83,83,
R1B-84_026,results_RUN1_big,results_RUN1_big/84/026,4_POSCAR_Spg15_C24(1)C20(3),84,1,3,-695.92654,-8.28484,0.003,Partially opened,fullerene-certified,4,2,2,0,0,21,9,12,0,2,2,0,0.0,0,,,p1,1,21,105,105,
R1B-84_018,results_RUN1_big,results_RUN1_big/84/018,3_POSCAR_Spg14_C24(1)C20(3),84,1,3,-692.96602,-8.249595,0.0605,Partially opened,fullerene-certified,4,2,2,0,0,19,8,11,0,2,2,0,0.0,0,,,p1,1,19,97,97,
R1B-84_009,results_RUN1_big,results_RUN1_big/84/009,2_POSCAR_Spg11_C24(1)C20(3),84,1,3,-694.17143,-8.263946,0.2878,Closed-cage network,fullerene-certified,4,4,0,0,0,16,6,10,0,2,2,0,0.0,0,,,p1,1,16,90,90,
R1B-84_001,results_RUN1_big,results_RUN1_big/84/001,1_POSCAR_Spg10_C24(1)C20(3),84,1,3,-697.96633,-8.309123,-0.0071,Closed-cage network,fullerene-certified,4,4,0,0,0,17,8,9,0,2,2,0,0.0,0,,,p1,1,17,82,82,
R1B-84_010,results_RUN1_big,results_RUN1_big/84/010,2_POSCAR_Spg13_C24(1)C20(3),84,1,3,-690.21856,-8.216888,0.2906,Partially opened,fullerene-certified,4,3,1,0,0,17,8,9,0,2,2,0,0.0,0,,,p1,1,17,91,91,
R1B-84_007,results_RUN1_big,results_RUN1_big/84/007,1_POSCAR_Spg17_C24(1)C20(3),84,1,3,-687.54062,-8.185007,0.4265,Partially opened,fullerene-certified,4,2,2,0,0,13,5,8,0,2,2,0,0.0,0,,,p1,1,13,88,88,
R1B-84_003,results_RUN1_big,results_RUN1_big/84/003,1_POSCAR_Spg13_C24(1)C20(3),84,1,3,-685.51477,-8.16089,0.0151,Partially opened,fullerene-certified,4,3,1,0,0,13,4,9,0,2,2,0,0.0,0,,,p1,1,13,84,84,
R1B-84_020,results_RUN1_big,results_RUN1_big/84/020,3_POSCAR_Spg16_C24(1)C20(3),84,1,3,-696.22548,-8.288399,0.534,Partially opened,fullerene-certified,4,3,1,0,0,15,6,9,0,2,2,0,0.0,0,,,p1,1,15,99,99,
R1B-84_027,results_RUN1_big,results_RUN1_big/84/027,4_POSCAR_Spg16_C24(1)C20(3),84,1,3,-691.3772,-8.230681,0.0605,Closed-cage network,fullerene-certified,4,4,0,0,0,14,6,8,0,2,2,0,0.0,0,,,p1,1,14,106,106,
R1B-84_016,results_RUN1_big,results_RUN1_big/84/016,3_POSCAR_Spg11_C24(1)C20(3),84,1,3,-692.72959,-8.246781,0.0182,Closed-cage network,fullerene-certified,4,4,0,0,0,17,7,10,0,2,2,0,0.0,0,,,p1,1,17,95,95,
R1B-84_021,results_RUN1_big,results_RUN1_big/84/021,3_POSCAR_Spg17_C24(1)C20(3),84,1,3,-692.47968,-8.243806,0.2383,Partially opened,fullerene-certified,4,3,1,0,0,16,6,10,0,2,2,0,0.0,0,,,p1,1,16,100,100,
R1B-84_032,results_RUN1_big,results_RUN1_big/84/032,5_POSCAR_Spg14_C24(1)C20(3),84,1,3,-692.50059,-8.244055,0.0467,Partially opened,fullerene-certified,4,2,2,0,0,18,9,9,0,2,2,0,0.0,0,,,p1,1,18,111,111,
R1B-84_022,results_RUN1_big,results_RUN1_big/84/022,4_POSCAR_Spg10_C24(1)C20(3),84,1,3,-694.00207,-8.261929,0.0882,Fully opened,fullerene-certified,4,0,4,0,0,20,8,12,0,2,2,0,0.0,0,,,p1,1,20,101,101,
R1B-84_035,results_RUN1_big,results_RUN1_big/84/035,5_POSCAR_Spg17_C24(1)C20(3),84,1,3,-696.67903,-8.293798,0.7015,Partially opened,fullerene-certified,4,3,1,0,0,16,8,8,0,2,2,0,0.0,0,,,p1,1,16,113,113,
R1B-84_006,results_RUN1_big,results_RUN1_big/84/006,1_POSCAR_Spg16_C24(1)C20(3),84,1,3,-698.8889,-8.320106,-0.0067,Partially opened,fullerene-certified,4,2,2,0,0,24,13,11,0,2,2,0,0.0,0,,,p1,1,24,87,87,
R1B-108_011,results_RUN1_big,results_RUN1_big/108/011,3_POSCAR_Spg13_C24(2)C20(3),108,2,3,-884.69095,-8.191583,0.1086,Partially opened,fullerene-certified,5,4,1,0,0,26,10,16,0,2,2,0,0.0,0,,,p1,1,26,29,29,
R1B-108_004,results_RUN1_big,results_RUN1_big/108/004,1_POSCAR_Spg16_C24(2)C20(3),108,2,3,-884.57584,-8.190517,0.0466,Partially opened,fullerene-certified,5,3,2,0,0,19,4,13,2,2,2,0,0.0,0,,,p1,1,19,23,23,
R1B-108_017,results_RUN1_big,results_RUN1_big/108/017,4_POSCAR_Spg14_C24(2)C20(3),108,2,3,-887.04756,-8.213403,0.0242,Partially opened,fullerene-certified,5,4,1,0,0,15,4,11,0,2,2,0,0.0,0,,,p1,1,15,35,35,
R1B-108_024,results_RUN1_big,results_RUN1_big/108/024,5_POSCAR_Spg16_C24(2)C20(3),108,2,3,-885.81697,-8.202009,-0.002,Partially opened,fullerene-certified,5,4,1,0,0,22,0,22,0,2,2,0,0.0,0,,,p112/m,6,6,42,42,
R1B-108_005,results_RUN1_big,results_RUN1_big/108/005,1_POSCAR_Spg17_C24(2)C20(3),108,2,3,-886.92343,-8.212254,0.3583,Closed-cage network,fullerene-certified,5,5,0,0,0,12,0,12,0,2,2,0,0.0,0,,,p112,3,6,24,24,
R1B-108_023,results_RUN1_big,results_RUN1_big/108/023,5_POSCAR_Spg15_C24(2)C20(3),108,2,3,-887.37065,-8.216395,0.0577,Partially opened,fullerene-certified,5,4,1,0,0,21,6,15,0,2,2,0,0.0,0,,,p1,1,21,41,41,
R1B-108_019,results_RUN1_big,results_RUN1_big/108/019,4_POSCAR_Spg16_C24(2)C20(3),108,2,3,-893.66083,-8.274637,0.0145,Partially opened,fullerene-certified,5,3,2,0,0,18,0,18,0,2,2,0,0.0,0,,,p-1,2,9,37,37,
R1B-108_013,results_RUN1_big,results_RUN1_big/108/013,3_POSCAR_Spg15_C24(2)C20(3),108,2,3,-880.35217,-8.151409,0.0213,Partially opened,fullerene-certified,5,3,2,0,0,27,7,20,0,2,2,0,0.0,0,,,p1,1,27,31,31,
R1B-108_025,results_RUN1_big,results_RUN1_big/108/025,5_POSCAR_Spg17_C24(2)C20(3),108,2,3,-894.42588,-8.281721,0.6226,Closed-cage network,fullerene-certified,5,5,0,0,0,12,0,12,0,2,2,0,0.0,0,,,p6,73,2,24,24,
R1B-108_012,results_RUN1_big,results_RUN1_big/108/012,3_POSCAR_Spg14_C24(2)C20(3),108,2,3,-885.60517,-8.200048,0.046,Partially opened,fullerene-certified,5,4,1,0,0,24,7,16,1,2,2,0,0.0,0,,,p1,1,24,30,30,
R1B-108_008,results_RUN1_big,results_RUN1_big/108/008,2_POSCAR_Spg15_C24(2)C20(3),108,2,3,-884.81004,-8.192686,0.5928,Partially opened,fullerene-certified,5,3,2,0,0,20,4,16,0,2,2,0,0.0,0,,,p1,1,20,27,27,
R1B-108_015,results_RUN1_big,results_RUN1_big/108/015,3_POSCAR_Spg17_C24(2)C20(3),108,2,3,-889.81577,-8.239035,0.0063,Partially opened,fullerene-certified,5,1,4,0,0,23,7,12,4,2,2,0,0.0,0,,,p1,1,23,33,33,
R1B-108_002,results_RUN1_big,results_RUN1_big/108/002,1_POSCAR_Spg14_C24(2)C20(3),108,2,3,-889.18251,-8.233171,0.0047,Closed-cage network,fullerene-certified,5,5,0,0,0,19,4,15,0,2,2,0,0.0,0,,,p1,1,19,21,21,
R1B-108_018,results_RUN1_big,results_RUN1_big/108/018,4_POSCAR_Spg15_C24(2)C20(3),108,2,3,-889.36127,-8.234827,0.1264,Partially opened,fullerene-certified,5,4,1,0,0,20,6,14,0,2,2,0,0.0,0,,,cm11,13,11,36,36,
R1B-108_001,results_RUN1_big,results_RUN1_big/108/001,1_POSCAR_Spg13_C24(2)C20(3),108,2,3,-884.53647,-8.190152,-0.007,Closed-cage network,fullerene-certified,5,5,0,0,0,13,4,7,2,2,2,0,0.0,0,,,p1,1,13,20,20,
R1B-108_010,results_RUN1_big,results_RUN1_big/108/010,2_POSCAR_Spg17_C24(2)C20(3),108,2,3,-897.36974,-8.308979,0.592,Closed-cage network,fullerene-certified,5,5,0,0,0,15,3,12,0,2,2,0,0.0,0,,,p3,65,5,28,28,
R1B-108_007,results_RUN1_big,results_RUN1_big/108/007,2_POSCAR_Spg14_C24(2)C20(3),108,2,3,-884.95853,-8.19406,0.0225,Partially opened,fullerene-certified,5,3,2,0,0,22,6,16,0,2,2,0,0.0,0,,,p1,1,22,26,26,
R1B-108_003,results_RUN1_big,results_RUN1_big/108/003,1_POSCAR_Spg15_C24(2)C20(3),108,2,3,-893.2061,-8.270427,0.2391,Partially opened,fullerene-certified,5,1,4,0,0,23,8,15,0,2,2,0,0.0,0,,,p1,1,23,22,22,
R1B-108_014,results_RUN1_big,results_RUN1_big/108/014,3_POSCAR_Spg16_C24(2)C20(3),108,2,3,-886.08776,-8.204516,0.0195,Closed-cage network,fullerene-certified,5,5,0,0,0,22,0,22,0,2,2,0,0.0,0,,,p1,1,22,32,32,
R1B-108_020,results_RUN1_big,results_RUN1_big/108/020,4_POSCAR_Spg17_C24(2)C20(3),108,2,3,-892.63927,-8.265178,0.2244,Partially opened,fullerene-certified,5,2,3,0,0,17,0,17,0,2,2,0,0.0,0,,,p1,1,17,38,38,
R1B-108_016,results_RUN1_big,results_RUN1_big/108/016,4_POSCAR_Spg13_C24(2)C20(3),108,2,3,-887.23577,-8.215146,0.0301,Partially opened,fullerene-certified,5,4,0,0,1,22,5,16,1,2,2,0,0.0,0,,,p1,1,22,34,34,
R1B-108_021,results_RUN1_big,results_RUN1_big/108/021,5_POSCAR_Spg13_C24(2)C20(3),108,2,3,-891.81595,-8.257555,0.4035,Closed-cage network,fullerene-certified,5,5,0,0,0,18,5,12,1,2,2,0,0.0,0,,,p1,1,18,39,39,
R1B-108_022,results_RUN1_big,results_RUN1_big/108/022,5_POSCAR_Spg14_C24(2)C20(3),108,2,3,-886.49982,-8.208332,0.0256,Partially opened,fullerene-certified,5,2,2,0,1,22,8,12,2,2,2,0,0.0,0,,,p1,1,22,40,40,
R1B-108_006,results_RUN1_big,results_RUN1_big/108/006,2_POSCAR_Spg13_C24(2)C20(3),108,2,3,-884.40275,-8.188914,0.3159,Partially opened,fullerene-certified,5,3,1,0,1,19,6,13,0,2,2,0,0.0,0,,,p1,1,19,25,25,
R1B-104_011,results_RUN1_big,results_RUN1_big/104/011,3_POSCAR_Spg13_C24(1)C20(4),104,1,4,-852.51261,-8.197237,0.1049,Partially opened,fullerene-certified,5,4,1,0,0,21,13,8,0,2,2,0,0.0,0,,,p1,1,21,10,10,
R1B-104_004,results_RUN1_big,results_RUN1_big/104/004,1_POSCAR_Spg14_C24(1)C20(4),104,1,4,-856.48374,-8.235421,0.0178,Partially opened,fullerene-certified,5,1,4,0,0,25,16,9,0,2,2,0,0.0,0,,,p1,1,25,3,3,
R1B-104_017,results_RUN1_big,results_RUN1_big/104/017,5_POSCAR_Spg10_C24(1)C20(4),104,1,4,-858.08775,-8.250844,0.0909,Partially opened,fullerene-certified,5,1,4,0,0,18,11,7,0,2,2,0,0.0,0,,,p1,1,18,16,16,
R1B-104_005,results_RUN1_big,results_RUN1_big/104/005,2_POSCAR_Spg10_C24(1)C20(4),104,1,4,-852.26447,-8.194851,0.0232,Partially opened,fullerene-certified,5,1,4,0,0,20,16,4,0,2,2,0,0.0,0,,,p1,1,20,4,4,
R1B-104_019,results_RUN1_big,results_RUN1_big/104/019,5_POSCAR_Spg13_C24(1)C20(4),104,1,4,-855.12115,-8.222319,0.0325,Partially opened,fullerene-certified,5,1,4,0,0,24,13,11,0,2,2,0,0.0,0,,,p1,1,24,18,18,
R1B-104_013,results_RUN1_big,results_RUN1_big/104/013,4_POSCAR_Spg10_C24(1)C20(4),104,1,4,-859.93682,-8.268623,0.0411,Partially opened,fullerene-certified,5,3,2,0,0,21,14,7,0,2,2,0,0.0,0,,,p1,1,21,12,12,
R1B-104_012,results_RUN1_big,results_RUN1_big/104/012,3_POSCAR_Spg14_C24(1)C20(4),104,1,4,-846.95654,-8.143813,0.9708,Partially opened,fullerene-certified,5,4,0,0,1,24,16,8,0,2,2,0,0.0,0,,,p1,1,24,11,11,
R1B-104_008,results_RUN1_big,results_RUN1_big/104/008,2_POSCAR_Spg14_C24(1)C20(4),104,1,4,-849.62905,-8.16951,0.0018,Closed-cage network,fullerene-certified,5,5,0,0,0,17,13,4,0,2,2,0,0.0,0,,,p1,1,17,7,7,
R1B-104_015,results_RUN1_big,results_RUN1_big/104/015,4_POSCAR_Spg13_C24(1)C20(4),104,1,4,-857.74797,-8.247577,0.117,Partially opened,fullerene-certified,5,2,3,0,0,20,11,9,0,2,2,0,0.0,0,,,p1,1,20,14,14,
R1B-104_002,results_RUN1_big,results_RUN1_big/104/002,1_POSCAR_Spg11_C24(1)C20(4),104,1,4,-855.8101,-8.228943,0.022,Partially opened,fullerene-certified,5,4,1,0,0,17,11,6,0,2,2,0,0.0,0,,,p1,1,17,1,1,
R1B-104_018,results_RUN1_big,results_RUN1_big/104/018,5_POSCAR_Spg11_C24(1)C20(4),104,1,4,-852.81011,-8.200097,0.4955,Partially opened,fullerene-certified,5,4,1,0,0,20,12,8,0,2,2,0,0.0,0,,,p1,1,20,17,17,
R1B-104_009,results_RUN1_big,results_RUN1_big/104/009,3_POSCAR_Spg10_C24(1)C20(4),104,1,4,-846.95636,-8.143811,0.0105,Partially opened,fullerene-certified,5,3,1,0,1,26,19,7,0,2,2,0,0.0,0,,,p1,1,26,8,8,
R1B-104_001,results_RUN1_big,results_RUN1_big/104/001,1_POSCAR_Spg10_C24(1)C20(4),104,1,4,-853.51542,-8.206879,0.2792,Partially opened,fullerene-certified,5,4,1,0,0,28,18,10,0,2,2,0,0.0,0,,,p1,1,28,0,0,
R1B-104_010,results_RUN1_big,results_RUN1_big/104/010,3_POSCAR_Spg11_C24(1)C20(4),104,1,4,-846.20132,-8.136551,0.2235,Closed-cage network,fullerene-certified,5,5,0,0,0,24,16,8,0,2,2,0,0.0,0,,,p1,1,24,9,9,
R1B-104_007,results_RUN1_big,results_RUN1_big/104/007,2_POSCAR_Spg13_C24(1)C20(4),104,1,4,-854.03163,-8.211843,0.0423,Partially opened,fullerene-certified,5,2,3,0,0,20,15,5,0,2,2,0,0.0,0,,,p1,1,20,6,6,
R1B-104_003,results_RUN1_big,results_RUN1_big/104/003,1_POSCAR_Spg13_C24(1)C20(4),104,1,4,-853.84752,-8.210072,0.0293,Partially opened,fullerene-certified,5,4,1,0,0,18,13,5,0,2,2,0,0.0,0,,,p1,1,18,2,2,
R1B-104_014,results_RUN1_big,results_RUN1_big/104/014,4_POSCAR_Spg11_C24(1)C20(4),104,1,4,-852.57843,-8.19787,0.0347,Partially opened,fullerene-certified,5,1,4,0,0,22,15,7,0,2,2,0,0.0,0,,,p1,1,22,13,13,
R1B-104_020,results_RUN1_big,results_RUN1_big/104/020,5_POSCAR_Spg14_C24(1)C20(4),104,1,4,-850.38657,-8.176794,0.016,Closed-cage network,fullerene-certified,5,5,0,0,0,19,13,6,0,2,2,0,0.0,0,,,p1,1,19,19,19,
R1B-104_016,results_RUN1_big,results_RUN1_big/104/016,4_POSCAR_Spg14_C24(1)C20(4),104,1,4,-857.70407,-8.247155,0.0246,Partially opened,fullerene-certified,5,1,4,0,0,19,11,8,0,2,2,0,0.0,0,,,p1,1,19,15,15,
R1B-104_006,results_RUN1_big,results_RUN1_big/104/006,2_POSCAR_Spg11_C24(1)C20(4),104,1,4,-850.87103,-8.181452,0.0994,Partially opened,fullerene-certified,5,2,3,0,0,24,13,11,0,2,2,0,0.0,1,,,p1,1,24,5,5,valence violation
R1B-88_011,results_RUN1_big,results_RUN1_big/88/011,4_POSCAR_Spg11_C24(2)C20(2),88,2,2,-734.30945,-8.344426,0.0686,Closed-cage network,fullerene-certified,4,4,0,0,0,17,1,13,3,2,2,0,0.0,0,,,p1,1,17,124,124,
R1B-88_004,results_RUN1_big,results_RUN1_big/88/004,2_POSCAR_Spg10_C24(2)C20(2),88,2,2,-724.21601,-8.229727,0.1929,Partially opened,fullerene-certified,4,2,2,0,0,18,0,18,0,2,2,0,0.0,0,,,p1,1,18,117,117,
R1B-88_005,results_RUN1_big,results_RUN1_big/88/005,2_POSCAR_Spg11_C24(2)C20(2),88,2,2,-735.30848,-8.355778,0.0439,Partially opened,fullerene-certified,4,1,3,0,0,20,2,15,3,2,2,0,0.0,0,,,p1,1,20,118,118,
R1B-88_013,results_RUN1_big,results_RUN1_big/88/013,5_POSCAR_Spg10_C24(2)C20(2),88,2,2,-723.13929,-8.217492,0.3115,Closed-cage network,fullerene-certified,4,4,0,0,0,17,0,17,0,2,2,0,0.0,0,,,p1,1,17,126,126,
R1B-88_012,results_RUN1_big,results_RUN1_big/88/012,4_POSCAR_Spg12_C24(2)C20(2),88,2,2,-725.55852,-8.244983,0.325,Partially opened,fullerene-certified,4,2,2,0,0,20,2,15,3,2,2,0,0.0,0,,,p1,1,20,125,125,
R1B-88_008,results_RUN1_big,results_RUN1_big/88/008,3_POSCAR_Spg11_C24(2)C20(2),88,2,2,-730.74622,-8.303934,0.0009,Closed-cage network,fullerene-certified,4,4,0,0,0,17,2,12,3,2,2,0,0.0,0,,,p1,1,17,121,121,
R1B-88_015,results_RUN1_big,results_RUN1_big/88/015,5_POSCAR_Spg12_C24(2)C20(2),88,2,2,-726.10474,-8.25119,0.4182,Partially opened,fullerene-certified,4,1,3,0,0,17,1,14,2,2,2,0,0.0,0,,,p1,1,17,128,128,
R1B-88_002,results_RUN1_big,results_RUN1_big/88/002,1_POSCAR_Spg11_C24(2)C20(2),88,2,2,-728.36981,-8.27693,0.12,Partially opened,fullerene-certified,4,2,2,0,0,20,1,16,3,2,2,0,0.0,0,,,p1,1,20,115,115,
R1B-88_009,results_RUN1_big,results_RUN1_big/88/009,3_POSCAR_Spg12_C24(2)C20(2),88,2,2,-730.35905,-8.299535,0.0354,Closed-cage network,fullerene-certified,4,4,0,0,0,17,1,14,2,2,2,0,0.0,0,,,p1,1,17,122,122,
R1B-88_001,results_RUN1_big,results_RUN1_big/88/001,1_POSCAR_Spg10_C24(2)C20(2),88,2,2,-725.17171,-8.240588,0.5825,Partially opened,fullerene-certified,4,2,2,0,0,17,2,10,5,2,2,0,0.0,0,,,p112,3,9,114,114,
R1B-88_010,results_RUN1_big,results_RUN1_big/88/010,4_POSCAR_Spg10_C24(2)C20(2),88,2,2,-727.13357,-8.262881,0.0883,Partially opened,fullerene-certified,4,2,2,0,0,18,1,15,2,2,2,0,0.0,0,,,p1,1,18,123,123,
R1B-88_007,results_RUN1_big,results_RUN1_big/88/007,3_POSCAR_Spg10_C24(2)C20(2),88,2,2,-718.11184,-8.160362,0.0299,Partially opened,fullerene-certified,4,3,1,0,0,19,1,16,2,2,2,0,0.0,0,,,p1,1,19,120,120,
R1B-88_003,results_RUN1_big,results_RUN1_big/88/003,1_POSCAR_Spg12_C24(2)C20(2),88,2,2,-726.14669,-8.251667,0.0475,Closed-cage network,fullerene-certified,4,4,0,0,0,17,0,17,0,2,2,0,0.0,0,,,p1,1,17,116,116,
R1B-88_014,results_RUN1_big,results_RUN1_big/88/014,5_POSCAR_Spg11_C24(2)C20(2),88,2,2,-724.75348,-8.235835,-0.0253,Partially opened,fullerene-certified,4,2,2,0,0,17,1,13,3,2,2,0,0.0,0,,,p1,1,17,127,127,
R1B-88_006,results_RUN1_big,results_RUN1_big/88/006,2_POSCAR_Spg12_C24(2)C20(2),88,2,2,-725.12048,-8.240005,0.0508,Closed-cage network,fullerene-certified,4,4,0,0,0,14,3,8,3,2,2,0,0.0,0,,,p1,1,14,119,119,
R1B-148_031,results_RUN1_big,results_RUN1_big/148/031,,128,2,4,-1057.4297,-8.26117,0.1584,Partially opened,fullerene-certified,6,2,3,0,1,28,11,16,1,2,2,0,0.0,0,,,p1,1,28,73,73,
R1B-148_011,results_RUN1_big,results_RUN1_big/148/011,,128,2,4,-1060.7346,-8.286989,0.0262,Partially opened,fullerene-certified,6,2,3,0,1,28,9,18,1,2,2,0,0.0,0,,,p1,1,28,53,53,
R1B-148_033,results_RUN1_big,results_RUN1_big/148/033,,128,2,4,-1049.0136,-8.195419,0.0001,Partially opened,fullerene-certified,6,5,0,0,1,26,6,20,0,2,2,0,0.0,0,,,p1,1,26,75,75,
R1B-148_030,results_RUN1_big,results_RUN1_big/148/030,,128,2,4,-1056.8159,-8.256374,0.2408,Partially opened,fullerene-certified,6,3,3,0,0,17,3,14,0,2,2,0,0.0,0,,,p1,1,17,72,72,
R1B-148_004,results_RUN1_big,results_RUN1_big/148/004,,128,2,4,-1048.1263,-8.188487,0.0536,Closed-cage network,fullerene-certified,6,6,0,0,0,25,8,17,0,2,2,0,0.0,0,,,p1,1,25,46,46,
R1B-148_037,results_RUN1_big,results_RUN1_big/148/037,,128,2,4,-1063.3507,-8.307427,0.5882,Partially opened,fullerene-certified,6,2,4,0,0,18,8,10,0,2,2,0,0.0,0,,,p1,1,18,79,79,
R1B-148_017,results_RUN1_big,results_RUN1_big/148/017,,128,2,4,-1051.5305,-8.215082,0.1218,Partially opened,fullerene-certified,6,4,2,0,0,21,3,18,0,2,2,0,0.0,0,,,p1,1,21,59,59,
R1B-148_024,results_RUN1_big,results_RUN1_big/148/024,,128,2,4,-1053.7048,-8.232069,-0.0281,Closed-cage network,fullerene-certified,6,6,0,0,0,18,7,11,0,2,2,0,0.0,0,,,p1,1,18,66,66,
R1B-148_005,results_RUN1_big,results_RUN1_big/148/005,,128,2,4,-1054.1901,-8.23586,0.5347,Partially opened,fullerene-certified,6,5,1,0,0,20,8,12,0,2,2,0,0.0,0,,,p1,1,20,47,47,
R1B-148_029,results_RUN1_big,results_RUN1_big/148/029,,128,2,4,-1043.5851,-8.153009,0.0991,Partially opened,fullerene-certified,6,5,1,0,0,25,11,13,1,2,2,0,0.0,0,,,p1,1,25,71,71,
R1B-148_023,results_RUN1_big,results_RUN1_big/148/023,,128,2,4,-1051.8993,-8.217963,0.0282,Partially opened,fullerene-certified,6,4,2,0,0,23,7,15,1,2,2,0,0.0,0,,,p1,1,23,65,65,
R1B-148_019,results_RUN1_big,results_RUN1_big/148/019,,128,2,4,-1054.2747,-8.236521,0.1579,Partially opened,fullerene-certified,6,3,3,0,0,27,7,20,0,2,2,0,0.0,0,,,p1,1,27,61,61,
R1B-148_013,results_RUN1_big,results_RUN1_big/148/013,,128,2,4,-1062.7589,-8.302804,-0.0084,Partially opened,fullerene-certified,6,3,3,0,0,26,16,10,0,2,2,0,0.0,0,,,p1,1,26,55,55,
R1B-148_034,results_RUN1_big,results_RUN1_big/148/034,,128,2,4,-1060.1801,-8.282657,0.0079,Closed-cage network,fullerene-certified,6,6,0,0,0,24,9,15,0,2,2,0,0.0,0,,,p1,1,24,76,76,
R1B-148_028,results_RUN1_big,results_RUN1_big/148/028,,128,2,4,-1049.2217,-8.197045,-0.0024,Partially opened,fullerene-certified,6,2,4,0,0,28,11,17,0,2,2,0,0.0,0,,,p1,1,28,70,70,
R1B-148_036,results_RUN1_big,results_RUN1_big/148/036,,128,2,4,-1052.8616,-8.225481,0.1628,Partially opened,fullerene-certified,6,2,4,0,0,23,7,16,0,2,2,0,0.0,0,,,p1,1,23,78,78,
R1B-148_040,results_RUN1_big,results_RUN1_big/148/040,,128,2,4,-1054.3152,-8.236838,0.0022,Closed-cage network,fullerene-certified,6,6,0,0,0,22,5,15,2,2,2,0,0.0,0,,,p1,1,22,81,81,
R1B-148_025,results_RUN1_big,results_RUN1_big/148/025,,128,2,4,-1048.8311,-8.193993,0.0482,Partially opened,fullerene-certified,6,4,2,0,0,28,8,20,0,2,2,0,0.0,0,,,p1,1,28,67,67,
R1B-148_012,results_RUN1_big,results_RUN1_big/148/012,,128,2,4,-1056.1016,-8.250794,0.0722,Partially opened,fullerene-certified,6,4,2,0,0,31,16,13,2,2,2,0,0.0,0,,,p1,1,31,54,54,
R1B-148_008,results_RUN1_big,results_RUN1_big/148/008,,128,2,4,-1053.8672,-8.233337,0.041,Closed-cage network,fullerene-certified,6,6,0,0,0,24,12,11,1,2,2,0,0.0,0,,,p1,1,24,50,50,
R1B-148_015,results_RUN1_big,results_RUN1_big/148/015,,128,2,4,-1044.5647,-8.160662,0.1048,Partially opened,fullerene-certified,6,5,1,0,0,29,11,18,0,2,2,0,0.0,0,,,p1,1,29,57,57,
R1B-148_002,results_RUN1_big,results_RUN1_big/148/002,,128,2,4,-1052.6388,-8.223741,0.1562,Closed-cage network,fullerene-certified,6,6,0,0,0,22,5,17,0,2,2,0,0.0,0,,,p1,1,22,44,44,
R1B-148_026,results_RUN1_big,results_RUN1_big/148/026,,128,2,4,-1049.7443,-8.201127,0.0049,Partially opened,fullerene-certified,6,4,2,0,0,24,7,15,2,2,2,0,0.0,0,,,p1,1,24,68,68,
R1B-148_018,results_RUN1_big,results_RUN1_big/148/018,,128,2,4,-1057.133,-8.258852,-0.0013,Partially opened,fullerene-certified,6,4,2,0,0,18,4,14,0,2,2,0,0.0,0,,,p1,1,18,60,60,
R1B-148_009,results_RUN1_big,results_RUN1_big/148/009,,128,2,4,-1051.088,-8.211625,0.0219,Closed-cage network,fullerene-certified,6,6,0,0,0,24,7,16,1,2,2,0,0.0,0,,,p1,1,24,51,51,
R1B-148_001,results_RUN1_big,results_RUN1_big/148/001,,128,2,4,-1049.4344,-8.198706,0.0117,Partially opened,fullerene-certified,6,5,1,0,0,26,8,18,0,2,2,0,0.0,0,,,p1,1,26,43,43,
R1B-148_010,results_RUN1_big,results_RUN1_big/148/010,,128,2,4,-1056.6295,-8.254918,0.0767,Partially opened,fullerene-certified,6,4,2,0,0,27,12,15,0,2,2,0,0.0,0,,,p1,1,27,52,52,
R1B-148_007,results_RUN1_big,results_RUN1_big/148/007,,128,2,4,-1053.9835,-8.234246,0.0256,Closed-cage network,fullerene-certified,6,6,0,0,0,23,8,12,3,2,2,0,0.0,0,,,p1,1,23,49,49,
R1B-148_003,results_RUN1_big,results_RUN1_big/148/003,,128,2,4,-1059.9875,-8.281152,0.0671,Partially opened,fullerene-certified,6,2,4,0,0,28,9,19,0,2,2,0,0.0,0,,,p1,1,28,45,45,
R1B-148_014,results_RUN1_big,results_RUN1_big/148/014,,128,2,4,-1053.4264,-8.229894,0.0702,Closed-cage network,fullerene-certified,6,6,0,0,0,21,10,9,2,2,2,0,0.0,0,,,p1,1,21,56,56,
R1B-148_020,results_RUN1_big,results_RUN1_big/148/020,,128,2,4,-1058.734,-8.271359,0.0239,Partially opened,fullerene-certified,6,5,1,0,0,20,8,11,1,2,2,0,0.0,0,,,p1,1,20,62,62,
R1B-148_027,results_RUN1_big,results_RUN1_big/148/027,,128,2,4,-1055.1184,-8.243113,0.0271,Partially opened,fullerene-certified,6,3,3,0,0,26,10,16,0,2,2,0,0.0,0,,,p1,1,26,69,69,
R1B-148_016,results_RUN1_big,results_RUN1_big/148/016,,128,2,4,-1048.4104,-8.190706,0.0335,Partially opened,fullerene-certified,6,5,1,0,0,22,7,15,0,2,2,0,0.0,0,,,p1,1,22,58,58,
R1B-148_021,results_RUN1_big,results_RUN1_big/148/021,,128,2,4,-1057.815,-8.26418,0.0926,Partially opened,fullerene-certified,6,5,0,0,1,25,8,16,1,2,2,0,0.0,0,,,p1,1,25,63,63,
R1B-148_032,results_RUN1_big,results_RUN1_big/148/032,,128,2,4,-1057.2685,-8.25991,0.0344,Partially opened,fullerene-certified,6,4,2,0,0,22,4,17,1,2,2,0,0.0,0,,,p1,1,22,74,74,
R1B-148_038,results_RUN1_big,results_RUN1_big/148/038,,128,2,4,-1061.1397,-8.290154,0.0529,Closed-cage network,fullerene-certified,6,6,0,0,0,23,9,13,1,2,2,0,0.0,0,,,p1,1,23,80,80,
R1B-148_022,results_RUN1_big,results_RUN1_big/148/022,,128,2,4,-1052.2396,-8.220622,0.0714,Partially opened,fullerene-certified,6,4,2,0,0,22,9,13,0,2,2,0,0.0,0,,,p1,1,22,64,64,
R1B-148_035,results_RUN1_big,results_RUN1_big/148/035,,128,2,4,-1054.754,-8.240266,0.1737,Partially opened,fullerene-certified,6,3,2,0,1,26,10,16,0,2,2,0,0.0,0,,,p1,1,26,77,77,
R1B-148_006,results_RUN1_big,results_RUN1_big/148/006,,128,2,4,-1048.7333,-8.193229,0.0103,Partially opened,fullerene-certified,6,5,1,0,0,23,12,9,2,2,2,0,0.0,0,,,p1,1,23,48,48,
R2S-44_011,results_RUN2_small,results_RUN2_small/44/011,4_POSCAR_Spg3_C24(1)C20(1),44,1,1,-364.91132,-8.293439,-0.3932,Closed-cage network,size-certified,2,2,0,0,0,8,0,8,0,2,2,0,0.0,0,,,pm11,11,4,131,323,
R2S-44_004,results_RUN2_small,results_RUN2_small/44/004,2_POSCAR_Spg2_C24(1)C20(1),44,1,1,-363.50512,-8.26148,-0.2618,Closed-cage network,size-certified,2,2,0,0,0,6,2,2,2,2,2,0,0.0,0,,,p1,1,6,299,320,
R2S-44_005,results_RUN2_small,results_RUN2_small/44/005,2_POSCAR_Spg3_C24(1)C20(1),44,1,1,-361.44307,-8.214615,0.6001,Closed-cage network,fullerene-certified,2,2,0,0,0,8,0,8,0,2,2,0,0.0,0,,,p1,1,8,131,321,
R2S-44_013,results_RUN2_small,results_RUN2_small/44/013,5_POSCAR_Spg2_C24(1)C20(1),44,1,1,-362.12909,-8.230207,0.2895,Partially opened,size-certified,2,1,1,0,0,8,2,4,2,2,2,0,0.0,0,,,p1,1,8,297,325,
R2S-44_012,results_RUN2_small,results_RUN2_small/44/012,4_POSCAR_Spg6_C24(1)C20(1),44,1,1,-361.52613,-8.216503,-0.4673,Closed-cage network,size-certified,2,2,0,0,0,5,0,3,2,2,2,0,0.0,0,,,p1,1,5,301,324,
R2S-44_008,results_RUN2_small,results_RUN2_small/44/008,3_POSCAR_Spg3_C24(1)C20(1),44,1,1,-359.05448,-8.160329,0.01,Closed-cage network,size-certified,2,2,0,0,0,8,1,5,2,2,2,0,0.0,0,,,p1,1,8,300,322,
R2S-44_002,results_RUN2_small,results_RUN2_small/44/002,1_POSCAR_Spg3_C24(1)C20(1),44,1,1,-360.73831,-8.198598,0.45,Closed-cage network,fullerene-certified,2,2,0,0,0,8,2,4,2,2,2,0,0.0,0,,,p1,1,8,297,318,
R2S-44_001,results_RUN2_small,results_RUN2_small/44/001,1_POSCAR_Spg2_C24(1)C20(1),44,1,1,-361.9584,-8.226327,0.3968,Partially opened,fullerene-certified,2,1,1,0,0,8,1,6,1,2,2,0,0.0,0,,,p1,1,8,296,317,
R2S-44_003,results_RUN2_small,results_RUN2_small/44/003,1_POSCAR_Spg6_C24(1)C20(1),44,1,1,-360.15776,-8.185404,0.0838,Partially opened,fullerene-certified,2,1,1,0,0,7,0,6,1,2,2,0,0.0,0,,,p1,1,7,298,319,
R2S-64_011,results_RUN2_small,results_RUN2_small/64/011,4_POSCAR_Spg3_C24(1)C20(2),64,1,2,-525.52285,-8.211295,0.6177,Closed-cage network,fullerene-certified,3,3,0,0,0,13,5,8,0,2,2,0,0.0,0,,,p1,1,13,310,336,
R2S-64_004,results_RUN2_small,results_RUN2_small/64/004,2_POSCAR_Spg2_C24(1)C20(2),64,1,2,-525.81773,-8.215902,0.5211,Closed-cage network,fullerene-certified,3,3,0,0,0,11,5,6,0,2,2,0,0.0,0,,,p1,1,11,305,329,
R2S-64_005,results_RUN2_small,results_RUN2_small/64/005,2_POSCAR_Spg3_C24(1)C20(2),64,1,2,-528.15672,-8.252449,0.8257,Closed-cage network,fullerene-certified,3,3,0,0,0,7,1,6,0,2,2,0,0.0,0,,,p1,1,7,306,330,
R2S-64_013,results_RUN2_small,results_RUN2_small/64/013,5_POSCAR_Spg2_C24(1)C20(2),64,1,2,-527.43447,-8.241164,0.6321,Closed-cage network,fullerene-certified,3,3,0,0,0,12,4,8,0,2,2,0,0.0,0,,,p1,1,12,146,338,
R2S-64_012,results_RUN2_small,results_RUN2_small/64/012,4_POSCAR_Spg6_C24(1)C20(2),64,1,2,-527.60533,-8.243833,0.029,Closed-cage network,fullerene-certified,3,3,0,0,0,14,9,5,0,2,2,0,0.0,0,,,p1,1,14,311,337,
R2S-64_008,results_RUN2_small,results_RUN2_small/64/008,3_POSCAR_Spg3_C24(1)C20(2),64,1,2,-523.8539,-8.185217,0.1274,Partially opened,fullerene-certified,3,2,1,0,0,15,5,10,0,2,2,0,0.0,0,,,p1,1,15,309,333,
R2S-64_015,results_RUN2_small,results_RUN2_small/64/015,5_POSCAR_Spg6_C24(1)C20(2),64,1,2,-524.94899,-8.202328,0.345,Partially opened,fullerene-certified,3,2,1,0,0,11,4,6,1,2,2,0,0.0,0,,,p1,1,11,312,340,
R2S-64_002,results_RUN2_small,results_RUN2_small/64/002,1_POSCAR_Spg3_C24(1)C20(2),64,1,2,-522.20647,-8.159476,0.0509,Partially opened,fullerene-certified,3,2,0,0,1,12,6,4,2,2,2,0,0.0,0,,,p1,1,12,303,327,
R2S-64_009,results_RUN2_small,results_RUN2_small/64/009,3_POSCAR_Spg6_C24(1)C20(2),64,1,2,-523.98615,-8.187284,0.294,Closed-cage network,fullerene-certified,3,3,0,0,0,12,3,9,0,2,2,0,0.0,0,,,p1,1,12,144,334,
R2S-64_001,results_RUN2_small,results_RUN2_small/64/001,1_POSCAR_Spg2_C24(1)C20(2),64,1,2,-524.55906,-8.196235,-0.0512,Closed-cage network,size-certified,3,3,0,0,0,13,5,7,1,2,2,0,0.0,0,,,p1,1,13,302,326,C24 cage radius exceeds half the shortest lattice vector: unwrapping unreliable
R2S-64_010,results_RUN2_small,results_RUN2_small/64/010,4_POSCAR_Spg2_C24(1)C20(2),64,1,2,-527.74519,-8.246019,0.1732,Closed-cage network,fullerene-certified,3,3,0,0,0,10,3,7,0,2,2,0,0.0,0,,,p1,1,10,150,335,
R2S-64_007,results_RUN2_small,results_RUN2_small/64/007,3_POSCAR_Spg2_C24(1)C20(2),64,1,2,-527.80155,-8.246899,0.4619,Closed-cage network,fullerene-certified,3,3,0,0,0,11,3,8,0,2,2,0,0.0,0,,,p1,1,11,308,332,
R2S-64_003,results_RUN2_small,results_RUN2_small/64/003,1_POSCAR_Spg6_C24(1)C20(2),64,1,2,-522.13265,-8.158323,0.0309,Partially opened,size-certified,3,1,0,0,2,14,7,4,3,2,2,0,0.0,0,,,p1,1,14,304,328,
R2S-64_014,results_RUN2_small,results_RUN2_small/64/014,5_POSCAR_Spg3_C24(1)C20(2),64,1,2,-528.56046,-8.258757,1.0476,Partially opened,fullerene-certified,3,2,1,0,0,14,4,10,0,2,2,0,0.0,0,,,p1,1,14,138,339,
R2S-64_006,results_RUN2_small,results_RUN2_small/64/006,2_POSCAR_Spg6_C24(1)C20(2),64,1,2,-524.23779,-8.191215,0.6079,Closed-cage network,fullerene-certified,3,3,0,0,0,12,0,12,0,2,2,0,0.0,0,,,c211,10,6,307,331,
R2S-68_011,results_RUN2_small,results_RUN2_small/68/011,4_POSCAR_Spg3_C24(2)C20(1),68,2,1,-557.19679,-8.19407,0.2103,Closed-cage network,fullerene-certified,3,3,0,0,0,14,0,11,3,2,2,0,0.0,0,,,p1,1,14,318,349,
R2S-68_004,results_RUN2_small,results_RUN2_small/68/004,2_POSCAR_Spg2_C24(2)C20(1),68,2,1,-563.15731,-8.281725,0.0991,Closed-cage network,fullerene-certified,3,3,0,0,0,12,0,8,4,2,2,0,0.0,0,,,p-1,2,6,167,344,
R2S-68_005,results_RUN2_small,results_RUN2_small/68/005,2_POSCAR_Spg3_C24(2)C20(1),68,2,1,-557.14396,-8.193294,0.0693,Closed-cage network,fullerene-certified,3,3,0,0,0,9,0,6,3,2,2,0,0.0,0,,,p1,1,9,315,345,
R2S-68_013,results_RUN2_small,results_RUN2_small/68/013,5_POSCAR_Spg2_C24(2)C20(1),68,2,1,-559.58868,-8.229245,0.1371,Closed-cage network,fullerene-certified,3,3,0,0,0,9,0,7,2,2,2,0,0.0,0,,,p1,1,9,320,351,
R2S-68_012,results_RUN2_small,results_RUN2_small/68/012,4_POSCAR_Spg6_C24(2)C20(1),68,2,1,-559.49788,-8.22791,0.8344,Closed-cage network,fullerene-certified,3,3,0,0,0,10,0,4,6,2,2,0,0.0,0,,,p1,1,10,319,350,
R2S-68_008,results_RUN2_small,results_RUN2_small/68/008,3_POSCAR_Spg3_C24(2)C20(1),68,2,1,-561.80819,-8.261885,0.2048,Closed-cage network,fullerene-certified,3,3,0,0,0,9,0,7,2,2,2,0,0.0,0,,,p1,1,9,316,347,
R2S-68_015,results_RUN2_small,results_RUN2_small/68/015,5_POSCAR_Spg6_C24(2)C20(1),68,2,1,-560.05975,-8.236173,0.3617,Partially opened,fullerene-certified,3,2,1,0,0,11,0,8,3,2,2,0,0.0,0,,,p1,1,11,321,353,
R2S-68_002,results_RUN2_small,results_RUN2_small/68/002,1_POSCAR_Spg3_C24(2)C20(1),68,2,1,-561.72742,-8.260697,-0.1302,Closed-cage network,fullerene-certified,3,3,0,0,0,11,0,7,4,2,2,0,0.0,0,,,p1,1,11,314,342,
R2S-68_001,results_RUN2_small,results_RUN2_small/68/001,1_POSCAR_Spg2_C24(2)C20(1),68,2,1,-564.95055,-8.308096,-0.0373,Partially opened,size-certified,3,2,1,0,0,12,2,6,4,2,2,0,0.0,0,,,p1,1,12,313,341,C20 cage radius exceeds half the shortest lattice vector: unwrapping unreliable
R2S-68_010,results_RUN2_small,results_RUN2_small/68/010,4_POSCAR_Spg2_C24(2)C20(1),68,2,1,-558.39482,-8.211689,0.5771,Partially opened,fullerene-certified,3,2,1,0,0,9,0,6,3,2,2,0,0.0,0,,,p1,1,9,317,348,
R2S-68_003,results_RUN2_small,results_RUN2_small/68/003,1_POSCAR_Spg6_C24(2)C20(1),68,2,1,-566.08335,-8.324755,0.0895,Partially opened,fullerene-certified,3,2,1,0,0,12,0,8,4,2,2,0,0.0,0,,,p1,1,12,167,343,
R2S-68_014,results_RUN2_small,results_RUN2_small/68/014,5_POSCAR_Spg3_C24(2)C20(1),68,2,1,-565.712,-8.319294,1.0428,Closed-cage network,fullerene-certified,3,3,0,0,0,10,0,8,2,2,2,0,0.0,0,,,p2/m11,14,3,158,352,
R2S-68_006,results_RUN2_small,results_RUN2_small/68/006,2_POSCAR_Spg6_C24(2)C20(1),68,2,1,-561.89993,-8.263234,0.2571,Closed-cage network,fullerene-certified,3,3,0,0,0,12,0,8,4,2,2,0,0.0,0,,,p1,1,12,171,346,
R2B-84_011,results_RUN2_big,results_RUN2_big/84/011,4_POSCAR_Spg3_C24(1)C20(3),84,1,3,-687.53898,-8.184988,-0.0185,Closed-cage network,fullerene-certified,4,4,0,0,0,17,6,11,0,2,2,0,0.0,0,,,pm11,11,10,261,279,
R2B-84_004,results_RUN2_big,results_RUN2_big/84/004,2_POSCAR_Spg2_C24(1)C20(3),84,1,3,-689.07528,-8.203277,0.1342,Closed-cage network,fullerene-certified,4,4,0,0,0,15,9,6,0,2,2,0,0.0,0,,,p1,1,15,254,272,
R2B-84_005,results_RUN2_big,results_RUN2_big/84/005,2_POSCAR_Spg3_C24(1)C20(3),84,1,3,-689.61306,-8.209679,0.0331,Partially opened,fullerene-certified,4,3,1,0,0,15,10,5,0,2,2,0,0.0,0,,,p1,1,15,255,273,
R2B-84_013,results_RUN2_big,results_RUN2_big/84/013,5_POSCAR_Spg2_C24(1)C20(3),84,1,3,-693.81346,-8.259684,0.5966,Partially opened,fullerene-certified,4,3,1,0,0,18,8,10,0,2,2,0,0.0,0,,,p112,3,9,263,281,
R2B-84_012,results_RUN2_big,results_RUN2_big/84/012,4_POSCAR_Spg6_C24(1)C20(3),84,1,3,-689.4097,-8.207258,0.0599,Partially opened,fullerene-certified,4,3,1,0,0,14,5,9,0,2,2,0,0.0,0,,,p1,1,14,262,280,
R2B-84_008,results_RUN2_big,results_RUN2_big/84/008,3_POSCAR_Spg3_C24(1)C20(3),84,1,3,-689.97224,-8.213955,0.0548,Closed-cage network,fullerene-certified,4,4,0,0,0,15,6,9,0,2,2,0,0.0,0,,,p1,1,15,258,276,
R2B-84_015,results_RUN2_big,results_RUN2_big/84/015,5_POSCAR_Spg6_C24(1)C20(3),84,1,3,-690.52112,-8.22049,0.6477,Closed-cage network,fullerene-certified,4,4,0,0,0,12,4,8,0,2,2,0,0.0,0,,,p1,1,12,265,283,
R2B-84_002,results_RUN2_big,results_RUN2_big/84/002,1_POSCAR_Spg3_C24(1)C20(3),84,1,3,-694.75793,-8.270928,0.1189,Closed-cage network,fullerene-certified,4,4,0,0,0,19,9,10,0,2,2,0,0.0,0,,,p1,1,19,252,270,
R2B-84_009,results_RUN2_big,results_RUN2_big/84/009,3_POSCAR_Spg6_C24(1)C20(3),84,1,3,-686.87203,-8.177048,0.7661,Closed-cage network,fullerene-certified,4,4,0,0,0,18,8,10,0,2,2,0,0.0,0,,,p1,1,18,259,277,
R2B-84_001,results_RUN2_big,results_RUN2_big/84/001,1_POSCAR_Spg2_C24(1)C20(3),84,1,3,-688.48848,-8.196291,0.4228,Partially opened,fullerene-certified,4,3,1,0,0,14,8,6,0,2,2,0,0.0,0,,,p1,1,14,251,269,
R2B-84_010,results_RUN2_big,results_RUN2_big/84/010,4_POSCAR_Spg2_C24(1)C20(3),84,1,3,-701.27788,-8.348546,0.0248,Partially opened,fullerene-certified,4,3,1,0,0,20,9,11,0,2,2,0,0.0,0,,,p1,1,20,260,278,
R2B-84_007,results_RUN2_big,results_RUN2_big/84/007,3_POSCAR_Spg2_C24(1)C20(3),84,1,3,-690.81366,-8.223972,0.5161,Closed-cage network,fullerene-certified,4,4,0,0,0,15,7,8,0,2,2,0,0.0,0,,,p1,1,15,257,275,
R2B-84_003,results_RUN2_big,results_RUN2_big/84/003,1_POSCAR_Spg6_C24(1)C20(3),84,1,3,-692.67045,-8.246077,0.0537,Closed-cage network,fullerene-certified,4,4,0,0,0,14,8,6,0,2,2,0,0.0,0,,,p1,1,14,253,271,
R2B-84_014,results_RUN2_big,results_RUN2_big/84/014,5_POSCAR_Spg3_C24(1)C20(3),84,1,3,-690.86085,-8.224534,0.1207,Closed-cage network,fullerene-certified,4,4,0,0,0,16,6,10,0,2,2,0,0.0,0,,,p1,1,16,264,282,
R2B-84_006,results_RUN2_big,results_RUN2_big/84/006,2_POSCAR_Spg6_C24(1)C20(3),84,1,3,-689.8594,-8.212612,0.0785,Partially opened,fullerene-certified,4,2,2,0,0,19,10,9,0,2,2,0,0.0,0,,,p1,1,19,256,274,
R2B-108_011,results_RUN2_big,results_RUN2_big/108/011,4_POSCAR_Spg3_C24(2)C20(3),108,2,3,-893.42343,-8.272439,0.03,Partially opened,fullerene-certified,5,3,2,0,0,17,8,6,3,2,2,0,0.0,0,,,p1,1,17,208,226,
R2B-108_004,results_RUN2_big,results_RUN2_big/108/004,2_POSCAR_Spg2_C24(2)C20(3),108,2,3,-876.2446,-8.113376,0.0045,Partially opened,fullerene-certified,5,3,2,0,0,18,4,12,2,2,2,0,0.0,0,,,p112/m,6,6,201,219,
R2B-108_005,results_RUN2_big,results_RUN2_big/108/005,2_POSCAR_Spg3_C24(2)C20(3),108,2,3,-888.9557,-8.231071,0.007,Partially opened,fullerene-certified,5,3,2,0,0,20,7,11,2,2,2,0,0.0,0,,,p1,1,20,202,220,
R2B-108_013,results_RUN2_big,results_RUN2_big/108/013,5_POSCAR_Spg2_C24(2)C20(3),108,2,3,-898.05426,-8.315317,0.0702,Closed-cage network,fullerene-certified,5,5,0,0,0,17,4,12,1,2,2,0,0.0,0,,,p1,1,17,209,227,
R2B-108_008,results_RUN2_big,results_RUN2_big/108/008,3_POSCAR_Spg3_C24(2)C20(3),108,2,3,-890.55836,-8.245911,0.0239,Non-2D / van der Waals-packed (rejected),fullerene-certified,5,3,2,0,0,10,4,6,0,1,1,0,0.0,0,,,p1,1,10,205,223,not a 2D covalent network (5 cage(s) in D<2 components)
R2B-108_015,results_RUN2_big,results_RUN2_big/108/015,5_POSCAR_Spg6_C24(2)C20(3),108,2,3,-892.7541,-8.266242,0.0233,Partially opened,fullerene-certified,5,3,2,0,0,30,8,21,1,2,2,0,0.0,0,,,p1,1,30,211,229,
R2B-108_002,results_RUN2_big,results_RUN2_big/108/002,1_POSCAR_Spg3_C24(2)C20(3),108,2,3,-890.01637,-8.240892,0.1113,Partially opened,fullerene-certified,5,1,4,0,0,26,7,16,3,2,2,0,0.0,0,,,p1,1,26,199,217,
R2B-108_009,results_RUN2_big,results_RUN2_big/108/009,3_POSCAR_Spg6_C24(2)C20(3),108,2,3,-889.05504,-8.231991,0.1818,Partially opened,fullerene-certified,5,1,3,0,1,22,9,12,1,2,2,0,0.0,0,,,p1,1,22,206,224,
R2B-108_001,results_RUN2_big,results_RUN2_big/108/001,1_POSCAR_Spg2_C24(2)C20(3),108,2,3,-890.74272,-8.247618,0.1049,Partially opened,fullerene-certified,5,1,4,0,0,21,6,12,3,2,2,0,0.0,0,,,p1,1,21,198,216,
R2B-108_010,results_RUN2_big,results_RUN2_big/108/010,4_POSCAR_Spg2_C24(2)C20(3),108,2,3,-894.50166,-8.282423,0.064,Partially opened,fullerene-certified,5,3,2,0,0,22,6,10,6,2,2,0,0.0,0,,,p1,1,22,207,225,
R2B-108_007,results_RUN2_big,results_RUN2_big/108/007,3_POSCAR_Spg2_C24(2)C20(3),108,2,3,-887.88478,-8.221155,0.2729,Partially opened,fullerene-certified,5,1,4,0,0,22,4,16,2,2,2,0,0.0,0,,,p-1,2,11,204,222,
R2B-108_003,results_RUN2_big,results_RUN2_big/108/003,1_POSCAR_Spg6_C24(2)C20(3),108,2,3,-889.74373,-8.238368,0.0075,Closed-cage network,fullerene-certified,5,5,0,0,0,15,7,5,3,2,2,0,0.0,0,,,p1,1,15,200,218,
R2B-108_014,results_RUN2_big,results_RUN2_big/108/014,5_POSCAR_Spg3_C24(2)C20(3),108,2,3,-886.65615,-8.209779,0.3729,Closed-cage network,fullerene-certified,5,5,0,0,0,20,8,6,6,2,2,0,0.0,0,,,pm11,11,15,210,228,
R2B-108_006,results_RUN2_big,results_RUN2_big/108/006,2_POSCAR_Spg6_C24(2)C20(3),108,2,3,-888.8536,-8.230126,0.691,Closed-cage network,fullerene-certified,5,5,0,0,0,21,8,10,3,2,2,0,0.0,0,,,p1,1,21,203,221,
R2B-104_011,results_RUN2_big,results_RUN2_big/104/011,4_POSCAR_Spg3_C24(1)C20(4),104,1,4,-851.19169,-8.184535,0.1672,Partially opened,fullerene-certified,5,3,1,0,1,24,16,8,0,2,2,0,0.0,0,,,p1,1,24,193,211,
R2B-104_004,results_RUN2_big,results_RUN2_big/104/004,2_POSCAR_Spg2_C24(1)C20(4),104,1,4,-853.25503,-8.204375,0.3565,Partially opened,fullerene-certified,5,3,2,0,0,18,8,10,0,2,2,0,0.0,0,,,p1,1,18,186,204,
R2B-104_005,results_RUN2_big,results_RUN2_big/104/005,2_POSCAR_Spg3_C24(1)C20(4),104,1,4,-853.62195,-8.207903,0.1134,Partially opened,fullerene-certified,5,3,2,0,0,23,13,10,0,2,2,0,0.0,0,,,p1,1,23,187,205,
R2B-104_013,results_RUN2_big,results_RUN2_big/104/013,5_POSCAR_Spg2_C24(1)C20(4),104,1,4,-858.27906,-8.252683,0.0986,Closed-cage network,fullerene-certified,5,5,0,0,0,20,11,9,0,2,2,0,0.0,0,,,p1,1,20,195,213,
R2B-104_012,results_RUN2_big,results_RUN2_big/104/012,4_POSCAR_Spg6_C24(1)C20(4),104,1,4,-856.40397,-8.234654,-0.0169,Partially opened,fullerene-certified,5,3,2,0,0,21,10,11,0,2,2,0,0.0,0,,,p1,1,21,194,212,
R2B-104_008,results_RUN2_big,results_RUN2_big/104/008,3_POSCAR_Spg3_C24(1)C20(4),104,1,4,-861.6135,-8.284745,0.0081,Partially opened,fullerene-certified,5,4,1,0,0,16,10,6,0,2,2,0,0.0,0,,,p1,1,16,190,208,
R2B-104_015,results_RUN2_big,results_RUN2_big/104/015,5_POSCAR_Spg6_C24(1)C20(4),104,1,4,-844.48115,-8.120011,0.2444,Partially opened,fullerene-certified,5,2,2,0,1,21,16,5,0,2,2,0,0.0,0,,,p1,1,21,197,215,
R2B-104_002,results_RUN2_big,results_RUN2_big/104/002,1_POSCAR_Spg3_C24(1)C20(4),104,1,4,-855.71612,-8.22804,0.1275,Partially opened,fullerene-certified,5,2,3,0,0,21,14,7,0,2,2,0,0.0,0,,,p1,1,21,184,202,
R2B-104_009,results_RUN2_big,results_RUN2_big/104/009,3_POSCAR_Spg6_C24(1)C20(4),104,1,4,-859.76665,-8.266987,0.0128,Partially opened,fullerene-certified,5,2,3,0,0,16,14,2,0,2,2,0,0.0,0,,,p1,1,16,191,209,
R2B-104_001,results_RUN2_big,results_RUN2_big/104/001,1_POSCAR_Spg2_C24(1)C20(4),104,1,4,-858.5903,-8.255676,0.1475,Closed-cage network,fullerene-certified,5,5,0,0,0,19,11,8,0,2,2,0,0.0,0,,,p1,1,19,183,201,
R2B-104_010,results_RUN2_big,results_RUN2_big/104/010,4_POSCAR_Spg2_C24(1)C20(4),104,1,4,-860.04839,-8.269696,0.0971,Partially opened,fullerene-certified,5,4,1,0,0,20,13,7,0,2,2,0,0.0,0,,,p1,1,20,192,210,
R2B-104_007,results_RUN2_big,results_RUN2_big/104/007,3_POSCAR_Spg2_C24(1)C20(4),104,1,4,-863.19486,-8.299951,0.1152,Partially opened,fullerene-certified,5,3,2,0,0,21,12,9,0,2,2,0,0.0,0,,,p1,1,21,189,207,
R2B-104_003,results_RUN2_big,results_RUN2_big/104/003,1_POSCAR_Spg6_C24(1)C20(4),104,1,4,-847.78434,-8.151772,0.0059,Closed-cage network,fullerene-certified,5,5,0,0,0,14,8,6,0,2,2,0,0.0,0,,,p112,3,7,185,203,
R2B-104_014,results_RUN2_big,results_RUN2_big/104/014,5_POSCAR_Spg3_C24(1)C20(4),104,1,4,-855.01008,-8.221251,0.0879,Partially opened,fullerene-certified,5,3,2,0,0,21,15,6,0,2,2,0,0.0,0,,,p1,1,21,196,214,
R2B-104_006,results_RUN2_big,results_RUN2_big/104/006,2_POSCAR_Spg6_C24(1)C20(4),104,1,4,-853.14216,-8.20329,0.1121,Closed-cage network,fullerene-certified,5,5,0,0,0,18,9,9,0,2,2,0,0.0,0,,,p1,1,18,188,206,
R2B-88_031,results_RUN2_big,results_RUN2_big/88/031,4_POSCAR_Spg8_C24(2)C20(2),88,2,2,-738.08147,-8.387289,0.5582,Fully opened,fullerene-certified,4,0,4,0,0,20,0,20,0,2,2,0,0.0,0,,,pb11,12,10,280,309,
R2B-88_011,results_RUN2_big,results_RUN2_big/88/011,2_POSCAR_Spg4_C24(2)C20(2),88,2,2,-723.07427,-8.216753,0.1384,Partially opened,fullerene-certified,4,2,2,0,0,22,0,22,0,2,2,0,0.0,0,,,pb11,12,11,275,293,
R2B-88_033,results_RUN2_big,results_RUN2_big/88/033,5_POSCAR_Spg2_C24(2)C20(2),88,2,2,-722.49963,-8.210223,0.055,Partially opened,fullerene-certified,4,3,0,0,1,16,2,10,4,2,2,0,0.0,0,,,p1,1,16,291,311,
R2B-88_030,results_RUN2_big,results_RUN2_big/88/030,4_POSCAR_Spg7_C24(2)C20(2),88,2,2,-722.32795,-8.208272,0.0183,Unresolved input,unresolved,,,,,,,,,,2,,0,,0,,,,,,-1,-1,unresolved cage identity
R2B-88_004,results_RUN2_big,results_RUN2_big/88/004,1_POSCAR_Spg5_C24(2)C20(2),88,2,2,-723.91567,-8.226314,0.2251,Fully opened,fullerene-certified,4,0,4,0,0,16,0,16,0,2,2,0,0.0,0,,,p1,1,8,269,287,
R2B-88_037,results_RUN2_big,results_RUN2_big/88/037,5_POSCAR_Spg6_C24(2)C20(2),88,2,2,-728.17637,-8.274731,0.7746,Closed-cage network,fullerene-certified,4,4,0,0,0,16,2,12,2,2,2,0,0.0,0,,,p-1,2,8,277,315,
R2B-88_017,results_RUN2_big,results_RUN2_big/88/017,3_POSCAR_Spg2_C24(2)C20(2),88,2,2,-731.074,-8.307659,0.2187,Partially opened,fullerene-certified,4,2,2,0,0,23,4,16,3,2,2,0,0.0,0,,,p1,1,23,281,299,
R2B-88_005,results_RUN2_big,results_RUN2_big/88/005,1_POSCAR_Spg6_C24(2)C20(2),88,2,2,-726.27526,-8.253128,0.0453,Closed-cage network,size-certified,4,4,0,0,0,15,0,13,2,2,2,0,0.0,0,,,p1,1,15,270,288,
R2B-88_029,results_RUN2_big,results_RUN2_big/88/029,4_POSCAR_Spg6_C24(2)C20(2),88,2,2,-728.6142,-8.279707,0.1294,Partially opened,fullerene-certified,4,3,0,0,1,15,2,11,2,2,2,0,0.0,0,,,p1,1,15,289,308,
R2B-88_019,results_RUN2_big,results_RUN2_big/88/019,3_POSCAR_Spg4_C24(2)C20(2),88,2,2,-726.38277,-8.25435,0.2699,Closed-cage network,fullerene-certified,4,4,0,0,0,14,2,12,0,2,2,0,0.0,0,,,p2/b11,16,4,283,301,
R2B-88_013,results_RUN2_big,results_RUN2_big/88/013,2_POSCAR_Spg6_C24(2)C20(2),88,2,2,-734.55578,-8.347225,1.0124,Closed-cage network,fullerene-certified,4,4,0,0,0,16,2,12,2,2,2,0,0.0,0,,,p1,1,16,277,295,
R2B-88_034,results_RUN2_big,results_RUN2_big/88/034,5_POSCAR_Spg3_C24(2)C20(2),88,2,2,-725.55565,-8.244951,0.1313,Partially opened,fullerene-certified,4,3,1,0,0,11,2,8,1,2,2,0,0.0,0,,,p1,1,11,292,312,
R2B-88_028,results_RUN2_big,results_RUN2_big/88/028,4_POSCAR_Spg5_C24(2)C20(2),88,2,2,-722.11703,-8.205875,0.3511,Closed-cage network,fullerene-certified,4,4,0,0,0,16,0,16,0,2,2,0,0.0,0,,,p1,1,8,269,307,
R2B-88_036,results_RUN2_big,results_RUN2_big/88/036,5_POSCAR_Spg5_C24(2)C20(2),88,2,2,-712.70126,-8.098878,0.7383,Partially opened,fullerene-certified,4,2,2,0,0,16,0,16,0,2,2,0,0.0,0,,,p11m,4,4,294,314,
R2B-88_025,results_RUN2_big,results_RUN2_big/88/025,4_POSCAR_Spg2_C24(2)C20(2),88,2,2,-717.99623,-8.159048,0.1619,Closed-cage network,fullerene-certified,4,4,0,0,0,16,4,8,4,2,2,0,0.0,0,,,p-1,2,8,286,304,
R2B-88_012,results_RUN2_big,results_RUN2_big/88/012,2_POSCAR_Spg5_C24(2)C20(2),88,2,2,-719.27064,-8.17353,0.299,Fully opened,fullerene-certified,4,0,4,0,0,18,0,18,0,2,2,0,0.0,0,,,p1,1,9,276,294,
R2B-88_008,results_RUN2_big,results_RUN2_big/88/008,1_POSCAR_Spg9_C24(2)C20(2),88,2,2,-714.40171,-8.118201,0.2967,Partially opened,fullerene-certified,4,2,0,0,2,14,0,14,0,2,2,0,0.0,0,,,p1,1,7,273,291,
R2B-88_015,results_RUN2_big,results_RUN2_big/88/015,2_POSCAR_Spg8_C24(2)C20(2),88,2,2,-727.78259,-8.270257,0.5591,Closed-cage network,fullerene-certified,4,4,0,0,0,18,2,12,4,2,2,0,0.0,0,,,pb11,12,9,279,297,
R2B-88_002,results_RUN2_big,results_RUN2_big/88/002,1_POSCAR_Spg3_C24(2)C20(2),88,2,2,-729.97086,-8.295123,0.2461,Closed-cage network,fullerene-certified,4,4,0,0,0,15,4,6,5,2,2,0,0.0,0,,,pm11,11,12,267,285,
R2B-88_026,results_RUN2_big,results_RUN2_big/88/026,4_POSCAR_Spg3_C24(2)C20(2),88,2,2,-736.59682,-8.370418,0.0903,Partially opened,size-certified,4,2,2,0,0,26,10,12,4,2,2,0,0.0,0,,,p1,1,26,287,305,C24 cage radius exceeds half the shortest lattice vector: unwrapping unreliable; C20 cage radius exceeds half the shortest lattice vector: unwrapping unreliable
R2B-88_018,results_RUN2_big,results_RUN2_big/88/018,3_POSCAR_Spg3_C24(2)C20(2),88,2,2,-725.35294,-8.242647,0.3478,Closed-cage network,fullerene-certified,4,4,0,0,0,18,2,12,4,2,2,0,0.0,0,,,pm11,11,12,282,300,
R2B-88_009,results_RUN2_big,results_RUN2_big/88/009,2_POSCAR_Spg2_C24(2)C20(2),88,2,2,-727.26183,-8.264339,-0.0106,Closed-cage network,fullerene-certified,4,4,0,0,0,15,4,8,3,2,2,0,0.0,0,,,p112,3,8,274,292,
R2B-88_001,results_RUN2_big,results_RUN2_big/88/001,1_POSCAR_Spg2_C24(2)C20(2),88,2,2,-732.59304,-8.324921,0.0925,Partially opened,fullerene-certified,4,3,1,0,0,21,10,7,4,2,2,0,0.0,0,,,p1,1,21,266,284,C20 cage radius exceeds half the shortest lattice vector: unwrapping unreliable
R2B-88_007,results_RUN2_big,results_RUN2_big/88/007,1_POSCAR_Spg8_C24(2)C20(2),88,2,2,-731.72098,-8.315011,0.0986,Closed-cage network,fullerene-certified,4,4,0,0,0,14,0,10,4,2,2,0,0.0,0,,,pb11,12,7,272,290,
R2B-88_003,results_RUN2_big,results_RUN2_big/88/003,1_POSCAR_Spg4_C24(2)C20(2),88,2,2,-720.1349,-8.183351,0.2647,Closed-cage network,fullerene-certified,4,4,0,0,0,14,2,10,2,2,2,0,0.0,0,,,pb11,12,7,268,286,
R2B-88_014,results_RUN2_big,results_RUN2_big/88/014,2_POSCAR_Spg7_C24(2)C20(2),88,2,2,-728.33011,-8.276479,0.0364,Closed-cage network,fullerene-certified,4,4,0,0,0,15,2,10,3,2,2,0,0.0,0,,,p1,1,15,278,296,
R2B-88_027,results_RUN2_big,results_RUN2_big/88/027,4_POSCAR_Spg4_C24(2)C20(2),88,2,2,-721.93762,-8.203837,0.3065,Closed-cage network,fullerene-certified,4,4,0,0,0,14,4,8,2,2,2,0,0.0,0,,,pb11,12,7,288,306,
R2B-88_016,results_RUN2_big,results_RUN2_big/88/016,2_POSCAR_Spg9_C24(2)C20(2),88,2,2,-722.43837,-8.209527,0.0062,Partially opened,fullerene-certified,4,2,2,0,0,20,0,20,0,2,2,0,0.0,0,,,p1,1,10,280,298,
R2B-88_021,results_RUN2_big,results_RUN2_big/88/021,3_POSCAR_Spg6_C24(2)C20(2),88,2,2,-728.50054,-8.278415,0.0638,Closed-cage network,fullerene-certified,4,4,0,0,0,15,1,10,4,2,2,0,0.0,0,,,p1,1,15,284,302,
R2B-88_032,results_RUN2_big,results_RUN2_big/88/032,4_POSCAR_Spg9_C24(2)C20(2),88,2,2,-725.63694,-8.245874,0.391,Partially opened,fullerene-certified,4,2,2,0,0,12,0,12,0,2,2,0,0.0,0,,,p1,1,6,290,310,
R2B-88_038,results_RUN2_big,results_RUN2_big/88/038,5_POSCAR_Spg7_C24(2)C20(2),88,2,2,-723.84178,-8.225475,0.0935,Closed-cage network,fullerene-certified,4,4,0,0,0,12,2,6,4,2,2,0,0.0,0,,,p112,3,6,295,316,
R2B-88_022,results_RUN2_big,results_RUN2_big/88/022,3_POSCAR_Spg7_C24(2)C20(2),88,2,2,-726.72934,-8.258288,0.4598,Closed-cage network,fullerene-certified,4,4,0,0,0,19,4,10,5,2,2,0,0.0,0,,,p112,3,10,285,303,
R2B-88_035,results_RUN2_big,results_RUN2_big/88/035,5_POSCAR_Spg4_C24(2)C20(2),88,2,2,-730.8956,-8.305632,0.1305,Closed-cage network,size-certified,4,4,0,0,0,16,4,8,4,2,2,0,0.0,0,,,pb11,12,8,293,313,
R2B-88_006,results_RUN2_big,results_RUN2_big/88/006,1_POSCAR_Spg7_C24(2)C20(2),88,2,2,-733.48713,-8.335081,0.4866,Closed-cage network,fullerene-certified,4,4,0,0,0,14,4,4,6,2,2,0,0.0,0,,,pm11,11,12,271,289,
R2B-128_031,results_RUN2_big,results_RUN2_big/128/031,4_POSCAR_Spg8_C24(2)C20(4),128,2,4,-1049.8032,-8.201588,0.1109,Closed-cage network,fullerene-certified,6,6,0,0,0,20,6,14,0,2,2,0,0.0,0,,,pb11,12,10,241,259,
R2B-128_011,results_RUN2_big,results_RUN2_big/128/011,2_POSCAR_Spg4_C24(2)C20(4),128,2,4,-1049.4082,-8.198502,0.0389,Closed-cage network,fullerene-certified,6,6,0,0,0,24,6,18,0,2,2,0,0.0,0,,,pb11,12,12,222,240,
R2B-128_033,results_RUN2_big,results_RUN2_big/128/033,5_POSCAR_Spg2_C24(2)C20(4),128,2,4,-1058.3114,-8.268058,0.095,Partially opened,fullerene-certified,6,3,3,0,0,30,9,21,0,2,2,0,0.0,0,,,p1,1,30,243,261,
R2B-128_030,results_RUN2_big,results_RUN2_big/128/030,4_POSCAR_Spg7_C24(2)C20(4),128,2,4,-1055.5093,-8.246166,0.044,Partially opened,fullerene-certified,6,5,1,0,0,25,9,16,0,2,2,0,0.0,0,,,p1,1,25,240,258,
R2B-128_004,results_RUN2_big,results_RUN2_big/128/004,1_POSCAR_Spg5_C24(2)C20(4),128,2,4,-1049.8173,-8.201698,0.0437,Closed-cage network,fullerene-certified,6,6,0,0,0,22,4,18,0,2,2,0,0.0,0,,,p1,1,11,215,233,
R2B-128_037,results_RUN2_big,results_RUN2_big/128/037,5_POSCAR_Spg6_C24(2)C20(4),128,2,4,-1055.6982,-8.247642,0.0646,Partially opened,fullerene-certified,6,5,1,0,0,28,13,11,4,2,2,0,0.0,0,,,p1,1,28,247,265,
R2B-128_017,results_RUN2_big,results_RUN2_big/128/017,3_POSCAR_Spg2_C24(2)C20(4),128,2,4,-1058.3175,-8.268105,0.0695,Partially opened,fullerene-certified,6,4,2,0,0,28,7,20,1,2,2,0,0.0,0,,,p112,3,16,228,246,
R2B-128_024,results_RUN2_big,results_RUN2_big/128/024,3_POSCAR_Spg9_C24(2)C20(4),128,2,4,-1054.2845,-8.236598,0.1104,Closed-cage network,fullerene-certified,6,6,0,0,0,30,10,20,0,2,2,0,0.0,0,,,p1,1,15,234,252,
R2B-128_005,results_RUN2_big,results_RUN2_big/128/005,1_POSCAR_Spg6_C24(2)C20(4),128,2,4,-1063.6149,-8.309491,0.1132,Partially opened,fullerene-certified,6,5,1,0,0,25,7,18,0,2,2,0,0.0,0,,,p1,1,25,216,234,
R2B-128_029,results_RUN2_big,results_RUN2_big/128/029,4_POSCAR_Spg6_C24(2)C20(4),128,2,4,-1056.5441,-8.254251,0.0306,Partially opened,fullerene-certified,6,5,1,0,0,19,8,11,0,2,2,0,0.0,0,,,p1,1,19,239,257,
R2B-128_023,results_RUN2_big,results_RUN2_big/128/023,3_POSCAR_Spg8_C24(2)C20(4),128,2,4,-1048.3312,-8.190088,0.369,Partially opened,fullerene-certified,6,4,2,0,0,20,6,14,0,2,2,0,0.0,0,,,pb11,12,10,233,251,
R2B-128_019,results_RUN2_big,results_RUN2_big/128/019,3_POSCAR_Spg4_C24(2)C20(4),128,2,4,-1054.3833,-8.23737,0.0773,Closed-cage network,fullerene-certified,6,6,0,0,0,20,8,10,2,2,2,0,0.0,0,,,pb11,12,10,230,248,
R2B-128_013,results_RUN2_big,results_RUN2_big/128/013,2_POSCAR_Spg6_C24(2)C20(4),128,2,4,-1048.8053,-8.193791,0.2637,Closed-cage network,fullerene-certified,6,6,0,0,0,33,20,6,7,2,2,0,0.0,0,,,p112,3,17,224,242,
R2B-128_034,results_RUN2_big,results_RUN2_big/128/034,5_POSCAR_Spg3_C24(2)C20(4),128,2,4,-1060.4447,-8.284724,-0.0051,Closed-cage network,fullerene-certified,6,6,0,0,0,20,8,10,2,2,2,0,0.0,0,,,p1,1,20,244,262,
R2B-128_028,results_RUN2_big,results_RUN2_big/128/028,4_POSCAR_Spg5_C24(2)C20(4),128,2,4,-1049.2269,-8.197085,0.1306,Closed-cage network,fullerene-certified,6,6,0,0,0,20,4,16,0,2,2,0,0.0,0,,,cmm2,26,3,238,256,
R2B-128_036,results_RUN2_big,results_RUN2_big/128/036,5_POSCAR_Spg5_C24(2)C20(4),128,2,4,-1048.3804,-8.190472,0.0851,Closed-cage network,fullerene-certified,6,6,0,0,0,22,8,14,0,2,2,0,0.0,0,,,p1,1,11,246,264,
R2B-128_040,results_RUN2_big,results_RUN2_big/128/040,5_POSCAR_Spg9_C24(2)C20(4),128,2,4,-1054.4794,-8.23812,0.0687,Closed-cage network,fullerene-certified,6,6,0,0,0,18,6,12,0,2,2,0,0.0,0,,,p1,1,9,250,268,
R2B-128_025,results_RUN2_big,results_RUN2_big/128/025,4_POSCAR_Spg2_C24(2)C20(4),128,2,4,-1048.8841,-8.194407,0.0906,Partially opened,fullerene-certified,6,4,2,0,0,27,10,16,1,2,2,0,0.0,0,,,p112,3,14,235,253,
R2B-128_039,results_RUN2_big,results_RUN2_big/128/039,5_POSCAR_Spg8_C24(2)C20(4),128,2,4,-1052.2146,-8.220427,0.5765,Closed-cage network,fullerene-certified,6,6,0,0,0,24,8,16,0,2,2,0,0.0,0,,,pb11,12,12,249,267,
R2B-128_012,results_RUN2_big,results_RUN2_big/128/012,2_POSCAR_Spg5_C24(2)C20(4),128,2,4,-1057.2171,-8.259509,0.1272,Closed-cage network,fullerene-certified,6,6,0,0,0,22,4,18,0,2,2,0,0.0,0,,,p1,1,11,223,241,
R2B-128_008,results_RUN2_big,results_RUN2_big/128/008,1_POSCAR_Spg9_C24(2)C20(4),128,2,4,-1063.6818,-8.310014,0.5686,Closed-cage network,fullerene-certified,6,6,0,0,0,20,6,14,0,2,2,0,0.0,0,,,p1,1,10,219,237,
R2B-128_015,results_RUN2_big,results_RUN2_big/128/015,2_POSCAR_Spg8_C24(2)C20(4),128,2,4,-1049.0028,-8.195334,0.2196,Partially opened,fullerene-certified,6,4,2,0,0,22,6,16,0,2,2,0,0.0,0,,,pb11,12,11,226,244,
R2B-128_002,results_RUN2_big,results_RUN2_big/128/002,1_POSCAR_Spg3_C24(2)C20(4),128,2,4,-1077.8493,-8.420698,0.1588,Partially opened,fullerene-certified,6,1,5,0,0,29,9,20,0,2,2,0,0.0,0,,,p1,1,29,213,231,
R2B-128_026,results_RUN2_big,results_RUN2_big/128/026,4_POSCAR_Spg3_C24(2)C20(4),128,2,4,-1068.4597,-8.347341,0.0924,Partially opened,fullerene-certified,6,4,2,0,0,25,14,6,5,2,2,0,0.0,0,,,pm11,11,20,236,254,
R2B-128_018,results_RUN2_big,results_RUN2_big/128/018,3_POSCAR_Spg3_C24(2)C20(4),128,2,4,-1056.8356,-8.256528,0.0024,Partially opened,fullerene-certified,6,4,2,0,0,24,9,13,2,2,2,0,0.0,0,,,p1,1,24,229,247,
R2B-128_009,results_RUN2_big,results_RUN2_big/128/009,2_POSCAR_Spg2_C24(2)C20(4),128,2,4,-1067.2037,-8.337529,0.8174,Closed-cage network,fullerene-certified,6,6,0,0,0,24,10,12,2,2,2,0,0.0,0,,,p-1,2,12,220,238,
R2B-128_001,results_RUN2_big,results_RUN2_big/128/001,1_POSCAR_Spg2_C24(2)C20(4),128,2,4,-1048.739,-8.193273,0.7222,Partially opened,fullerene-certified,6,4,2,0,0,28,10,16,2,2,2,0,0.0,0,,,p112,3,14,212,230,
R2B-128_010,results_RUN2_big,results_RUN2_big/128/010,2_POSCAR_Spg3_C24(2)C20(4),128,2,4,-1053.6743,-8.23183,0.0654,Partially opened,fullerene-certified,6,4,2,0,0,26,13,12,1,2,2,0,0.0,0,,,p1,1,26,221,239,
R2B-128_007,results_RUN2_big,results_RUN2_big/128/007,1_POSCAR_Spg8_C24(2)C20(4),128,2,4,-1060.7966,-8.287473,0.1775,Closed-cage network,fullerene-certified,6,6,0,0,0,24,8,16,0,2,2,0,0.0,0,,,pb11,12,12,218,236,
R2B-128_003,results_RUN2_big,results_RUN2_big/128/003,1_POSCAR_Spg4_C24(2)C20(4),128,2,4,-1052.4471,-8.222243,0.0925,Partially opened,fullerene-certified,6,4,2,0,0,18,4,14,0,2,2,0,0.0,0,,,pb11,12,9,214,232,
R2B-128_014,results_RUN2_big,results_RUN2_big/128/014,2_POSCAR_Spg7_C24(2)C20(4),128,2,4,-1049.3807,-8.198287,0.112,Closed-cage network,fullerene-certified,6,6,0,0,0,22,4,18,0,2,2,0,0.0,0,,,p112,3,11,225,243,
R2B-128_027,results_RUN2_big,results_RUN2_big/128/027,4_POSCAR_Spg4_C24(2)C20(4),128,2,4,-1050.081,-8.203758,0.2691,Closed-cage network,fullerene-certified,6,6,0,0,0,20,8,12,0,2,2,0,0.0,0,,,pb11,12,10,237,255,
R2B-128_016,results_RUN2_big,results_RUN2_big/128/016,2_POSCAR_Spg9_C24(2)C20(4),128,2,4,-1057.4678,-8.261467,0.6616,Partially opened,fullerene-certified,6,4,2,0,0,32,20,12,0,2,2,0,0.0,0,,,p1,1,16,227,245,
R2B-128_021,results_RUN2_big,results_RUN2_big/128/021,3_POSCAR_Spg6_C24(2)C20(4),128,2,4,-1056.7825,-8.256113,0.1986,Closed-cage network,fullerene-certified,6,6,0,0,0,22,10,8,4,2,2,0,0.0,0,,,p112,3,12,231,249,
R2B-128_032,results_RUN2_big,results_RUN2_big/128/032,4_POSCAR_Spg9_C24(2)C20(4),128,2,4,-1060.2784,-8.283425,0.0769,Closed-cage network,fullerene-certified,6,6,0,0,0,20,6,14,0,2,2,0,0.0,0,,,p1,1,10,242,260,
R2B-128_038,results_RUN2_big,results_RUN2_big/128/038,5_POSCAR_Spg7_C24(2)C20(4),128,2,4,-1043.2517,-8.150404,0.0113,Closed-cage network,fullerene-certified,6,6,0,0,0,21,9,12,0,2,2,0,0.0,0,,,p112,3,12,248,266,
R2B-128_022,results_RUN2_big,results_RUN2_big/128/022,3_POSCAR_Spg7_C24(2)C20(4),128,2,4,-1053.1963,-8.228096,0.7006,Closed-cage network,fullerene-certified,6,6,0,0,0,18,6,12,0,2,2,0,0.0,0,,,p112,3,10,232,250,
R2B-128_035,results_RUN2_big,results_RUN2_big/128/035,5_POSCAR_Spg4_C24(2)C20(4),128,2,4,-1044.0836,-8.156903,0.0929,Partially opened,fullerene-certified,6,4,2,0,0,22,10,10,2,2,2,0,0.0,0,,,pb11,12,11,245,263,
R2B-128_006,results_RUN2_big,results_RUN2_big/128/006,1_POSCAR_Spg7_C24(2)C20(4),128,2,4,-1057.8558,-8.264498,0.0233,Partially opened,fullerene-certified,6,5,1,0,0,21,7,14,0,2,2,0,0.0,0,,,p1,1,21,217,235,
